Injury Name,Affected Area,Common Causes,Symptoms,Prevention Tips,Rehab Exercises,Medical Disclaimer,Rehab Phase 1 (Acute),Rehab Phase 2 (Recovery),Rehab Phase 3 (Strengthening),Rehab Phase 4 (Return to Training)
Rotator Cuff Strain,Shoulder,"Overuse, poor technique, excessive load during shoulder training","Pain, stiffness, swelling, reduced strength or mobility","Proper warm-up, correct form, gradual progression, adequate recovery","Isometrics, controlled mobility, light resistance strengthening","This information is for educational purposes only and is not a substitute for professional medical advice, diagnosis, or treatment. Always consult a qualified physician, physiotherapist, or healthcare provider before starting any exercise, rehabilitation program, or if you experience pain, injury, or medical conditions. Do not ignore professional medical advice or delay seeking it because of this content.","Rest from overhead movements, ice if painful, pendulum exercises, scapular setting","Active-assisted ROM, band external rotations, scapular stability drills","Progressive rotator cuff strengthening, overhead control exercises",Gradual return to pressing and pulling with strict form
Shoulder Impingement,Shoulder,"Overuse, poor technique, excessive load during shoulder training","Pain, stiffness, swelling, reduced strength or mobility","Proper warm-up, correct form, gradual progression, adequate recovery","Isometrics, controlled mobility, light resistance strengthening","This information is for educational purposes only and is not a substitute for professional medical advice, diagnosis, or treatment. Always consult a qualified physician, physiotherapist, or healthcare provider before starting any exercise, rehabilitation program, or if you experience pain, injury, or medical conditions. Do not ignore professional medical advice or delay seeking it because of this content.","Rest from overhead movements, ice if painful, pendulum exercises, scapular setting","Active-assisted ROM, band external rotations, scapular stability drills","Progressive rotator cuff strengthening, overhead control exercises",Gradual return to pressing and pulling with strict form
Labral Tear,Shoulder,"Overuse, poor technique, excessive load during shoulder training","Pain, stiffness, swelling, reduced strength or mobility","Proper warm-up, correct form, gradual progression, adequate recovery","Isometrics, controlled mobility, light resistance strengthening","This information is for educational purposes only and is not a substitute for professional medical advice, diagnosis, or treatment. Always consult a qualified physician, physiotherapist, or healthcare provider before starting any exercise, rehabilitation program, or if you experience pain, injury, or medical conditions. Do not ignore professional medical advice or delay seeking it because of this content.","Rest from overhead movements, ice if painful, pendulum exercises, scapular setting","Active-assisted ROM, band external rotations, scapular stability drills","Progressive rotator cuff strengthening, overhead control exercises",Gradual return to pressing and pulling with strict form
Biceps Tendinitis,Shoulder,"Overuse, poor technique, excessive load during shoulder training","Pain, stiffness, swelling, reduced strength or mobility","Proper warm-up, correct form, gradual progression, adequate recovery","Isometrics, controlled mobility, light resistance strengthening","This information is for educational purposes only and is not a substitute for professional medical advice, diagnosis, or treatment. Always consult a qualified physician, physiotherapist, or healthcare provider before starting any exercise, rehabilitation program, or if you experience pain, injury, or medical conditions. Do not ignore professional medical advice or delay seeking it because of this content.","Rest from overhead movements, ice if painful, pendulum exercises, scapular setting","Active-assisted ROM, band external rotations, scapular stability drills","Progressive rotator cuff strengthening, overhead control exercises",Gradual return to pressing and pulling with strict form
AC Joint Sprain,Shoulder,"Overuse, poor technique, excessive load during shoulder training","Pain, stiffness, swelling, reduced strength or mobility","Proper warm-up, correct form, gradual progression, adequate recovery","Isometrics, controlled mobility, light resistance strengthening","This information is for educational purposes only and is not a substitute for professional medical advice, diagnosis, or treatment. Always consult a qualified physician, physiotherapist, or healthcare provider before starting any exercise, rehabilitation program, or if you experience pain, injury, or medical conditions. Do not ignore professional medical advice or delay seeking it because of this content.","Rest from overhead movements, ice if painful, pendulum exercises, scapular setting","Active-assisted ROM, band external rotations, scapular stability drills","Progressive rotator cuff strengthening, overhead control exercises",Gradual return to pressing and pulling with strict form
Frozen Shoulder,Shoulder,"Overuse, poor technique, excessive load during shoulder training","Pain, stiffness, swelling, reduced strength or mobility","Proper warm-up, correct form, gradual progression, adequate recovery","Isometrics, controlled mobility, light resistance strengthening","This information is for educational purposes only and is not a substitute for professional medical advice, diagnosis, or treatment. Always consult a qualified physician, physiotherapist, or healthcare provider before starting any exercise, rehabilitation program, or if you experience pain, injury, or medical conditions. Do not ignore professional medical advice or delay seeking it because of this content.","Rest from overhead movements, ice if painful, pendulum exercises, scapular setting","Active-assisted ROM, band external rotations, scapular stability drills","Progressive rotator cuff strengthening, overhead control exercises",Gradual return to pressing and pulling with strict form
Shoulder Bursitis,Shoulder,"Overuse, poor technique, excessive load during shoulder training","Pain, stiffness, swelling, reduced strength or mobility","Proper warm-up, correct form, gradual progression, adequate recovery","Isometrics, controlled mobility, light resistance strengthening","This information is for educational purposes only and is not a substitute for professional medical advice, diagnosis, or treatment. Always consult a qualified physician, physiotherapist, or healthcare provider before starting any exercise, rehabilitation program, or if you experience pain, injury, or medical conditions. Do not ignore professional medical advice or delay seeking it because of this content.","Rest from overhead movements, ice if painful, pendulum exercises, scapular setting","Active-assisted ROM, band external rotations, scapular stability drills","Progressive rotator cuff strengthening, overhead control exercises",Gradual return to pressing and pulling with strict form
Supraspinatus Tear,Shoulder,"Overuse, poor technique, excessive load during shoulder training","Pain, stiffness, swelling, reduced strength or mobility","Proper warm-up, correct form, gradual progression, adequate recovery","Isometrics, controlled mobility, light resistance strengthening","This information is for educational purposes only and is not a substitute for professional medical advice, diagnosis, or treatment. Always consult a qualified physician, physiotherapist, or healthcare provider before starting any exercise, rehabilitation program, or if you experience pain, injury, or medical conditions. Do not ignore professional medical advice or delay seeking it because of this content.","Rest from overhead movements, ice if painful, pendulum exercises, scapular setting","Active-assisted ROM, band external rotations, scapular stability drills","Progressive rotator cuff strengthening, overhead control exercises",Gradual return to pressing and pulling with strict form
Infraspinatus Strain,Shoulder,"Overuse, poor technique, excessive load during shoulder training","Pain, stiffness, swelling, reduced strength or mobility","Proper warm-up, correct form, gradual progression, adequate recovery","Isometrics, controlled mobility, light resistance strengthening","This information is for educational purposes only and is not a substitute for professional medical advice, diagnosis, or treatment. Always consult a qualified physician, physiotherapist, or healthcare provider before starting any exercise, rehabilitation program, or if you experience pain, injury, or medical conditions. Do not ignore professional medical advice or delay seeking it because of this content.","Rest from overhead movements, ice if painful, pendulum exercises, scapular setting","Active-assisted ROM, band external rotations, scapular stability drills","Progressive rotator cuff strengthening, overhead control exercises",Gradual return to pressing and pulling with strict form
Subscapularis Strain,Shoulder,"Overuse, poor technique, excessive load during shoulder training","Pain, stiffness, swelling, reduced strength or mobility","Proper warm-up, correct form, gradual progression, adequate recovery","Isometrics, controlled mobility, light resistance strengthening","This information is for educational purposes only and is not a substitute for professional medical advice, diagnosis, or treatment. Always consult a qualified physician, physiotherapist, or healthcare provider before starting any exercise, rehabilitation program, or if you experience pain, injury, or medical conditions. Do not ignore professional medical advice or delay seeking it because of this content.","Rest from overhead movements, ice if painful, pendulum exercises, scapular setting","Active-assisted ROM, band external rotations, scapular stability drills","Progressive rotator cuff strengthening, overhead control exercises",Gradual return to pressing and pulling with strict form
Tennis Elbow,Elbow,"Overuse, poor technique, excessive load during elbow training","Pain, stiffness, swelling, reduced strength or mobility","Proper warm-up, correct form, gradual progression, adequate recovery","Isometrics, controlled mobility, light resistance strengthening","This information is for educational purposes only and is not a substitute for professional medical advice, diagnosis, or treatment. Always consult a qualified physician, physiotherapist, or healthcare provider before starting any exercise, rehabilitation program, or if you experience pain, injury, or medical conditions. Do not ignore professional medical advice or delay seeking it because of this content.","Reduce gripping load, isometric wrist exercises, soft tissue work","Eccentric wrist flexion/extension, light forearm strengthening","Progressive loading of curls, extensions, grip training",Return to heavy lifts with volume control
Golfer’s Elbow,Elbow,"Overuse, poor technique, excessive load during elbow training","Pain, stiffness, swelling, reduced strength or mobility","Proper warm-up, correct form, gradual progression, adequate recovery","Isometrics, controlled mobility, light resistance strengthening","This information is for educational purposes only and is not a substitute for professional medical advice, diagnosis, or treatment. Always consult a qualified physician, physiotherapist, or healthcare provider before starting any exercise, rehabilitation program, or if you experience pain, injury, or medical conditions. Do not ignore professional medical advice or delay seeking it because of this content.","Reduce gripping load, isometric wrist exercises, soft tissue work","Eccentric wrist flexion/extension, light forearm strengthening","Progressive loading of curls, extensions, grip training",Return to heavy lifts with volume control
Triceps Tendinitis,Elbow,"Overuse, poor technique, excessive load during elbow training","Pain, stiffness, swelling, reduced strength or mobility","Proper warm-up, correct form, gradual progression, adequate recovery","Isometrics, controlled mobility, light resistance strengthening","This information is for educational purposes only and is not a substitute for professional medical advice, diagnosis, or treatment. Always consult a qualified physician, physiotherapist, or healthcare provider before starting any exercise, rehabilitation program, or if you experience pain, injury, or medical conditions. Do not ignore professional medical advice or delay seeking it because of this content.","Reduce gripping load, isometric wrist exercises, soft tissue work","Eccentric wrist flexion/extension, light forearm strengthening","Progressive loading of curls, extensions, grip training",Return to heavy lifts with volume control
Biceps Tendinitis (Elbow),Elbow,"Overuse, poor technique, excessive load during elbow training","Pain, stiffness, swelling, reduced strength or mobility","Proper warm-up, correct form, gradual progression, adequate recovery","Isometrics, controlled mobility, light resistance strengthening","This information is for educational purposes only and is not a substitute for professional medical advice, diagnosis, or treatment. Always consult a qualified physician, physiotherapist, or healthcare provider before starting any exercise, rehabilitation program, or if you experience pain, injury, or medical conditions. Do not ignore professional medical advice or delay seeking it because of this content.","Reduce gripping load, isometric wrist exercises, soft tissue work","Eccentric wrist flexion/extension, light forearm strengthening","Progressive loading of curls, extensions, grip training",Return to heavy lifts with volume control
Ulnar Nerve Irritation,Elbow,"Overuse, poor technique, excessive load during elbow training","Pain, stiffness, swelling, reduced strength or mobility","Proper warm-up, correct form, gradual progression, adequate recovery","Isometrics, controlled mobility, light resistance strengthening","This information is for educational purposes only and is not a substitute for professional medical advice, diagnosis, or treatment. Always consult a qualified physician, physiotherapist, or healthcare provider before starting any exercise, rehabilitation program, or if you experience pain, injury, or medical conditions. Do not ignore professional medical advice or delay seeking it because of this content.","Reduce gripping load, isometric wrist exercises, soft tissue work","Eccentric wrist flexion/extension, light forearm strengthening","Progressive loading of curls, extensions, grip training",Return to heavy lifts with volume control
Elbow Bursitis,Elbow,"Overuse, poor technique, excessive load during elbow training","Pain, stiffness, swelling, reduced strength or mobility","Proper warm-up, correct form, gradual progression, adequate recovery","Isometrics, controlled mobility, light resistance strengthening","This information is for educational purposes only and is not a substitute for professional medical advice, diagnosis, or treatment. Always consult a qualified physician, physiotherapist, or healthcare provider before starting any exercise, rehabilitation program, or if you experience pain, injury, or medical conditions. Do not ignore professional medical advice or delay seeking it because of this content.","Reduce gripping load, isometric wrist exercises, soft tissue work","Eccentric wrist flexion/extension, light forearm strengthening","Progressive loading of curls, extensions, grip training",Return to heavy lifts with volume control
Elbow Hyperextension,Elbow,"Overuse, poor technique, excessive load during elbow training","Pain, stiffness, swelling, reduced strength or mobility","Proper warm-up, correct form, gradual progression, adequate recovery","Isometrics, controlled mobility, light resistance strengthening","This information is for educational purposes only and is not a substitute for professional medical advice, diagnosis, or treatment. Always consult a qualified physician, physiotherapist, or healthcare provider before starting any exercise, rehabilitation program, or if you experience pain, injury, or medical conditions. Do not ignore professional medical advice or delay seeking it because of this content.","Reduce gripping load, isometric wrist exercises, soft tissue work","Eccentric wrist flexion/extension, light forearm strengthening","Progressive loading of curls, extensions, grip training",Return to heavy lifts with volume control
Forearm Flexor Strain,Elbow,"Overuse, poor technique, excessive load during elbow training","Pain, stiffness, swelling, reduced strength or mobility","Proper warm-up, correct form, gradual progression, adequate recovery","Isometrics, controlled mobility, light resistance strengthening","This information is for educational purposes only and is not a substitute for professional medical advice, diagnosis, or treatment. Always consult a qualified physician, physiotherapist, or healthcare provider before starting any exercise, rehabilitation program, or if you experience pain, injury, or medical conditions. Do not ignore professional medical advice or delay seeking it because of this content.","Reduce gripping load, isometric wrist exercises, soft tissue work","Eccentric wrist flexion/extension, light forearm strengthening","Progressive loading of curls, extensions, grip training",Return to heavy lifts with volume control
Forearm Extensor Strain,Elbow,"Overuse, poor technique, excessive load during elbow training","Pain, stiffness, swelling, reduced strength or mobility","Proper warm-up, correct form, gradual progression, adequate recovery","Isometrics, controlled mobility, light resistance strengthening","This information is for educational purposes only and is not a substitute for professional medical advice, diagnosis, or treatment. Always consult a qualified physician, physiotherapist, or healthcare provider before starting any exercise, rehabilitation program, or if you experience pain, injury, or medical conditions. Do not ignore professional medical advice or delay seeking it because of this content.","Reduce gripping load, isometric wrist exercises, soft tissue work","Eccentric wrist flexion/extension, light forearm strengthening","Progressive loading of curls, extensions, grip training",Return to heavy lifts with volume control
Elbow Ligament Sprain,Elbow,"Overuse, poor technique, excessive load during elbow training","Pain, stiffness, swelling, reduced strength or mobility","Proper warm-up, correct form, gradual progression, adequate recovery","Isometrics, controlled mobility, light resistance strengthening","This information is for educational purposes only and is not a substitute for professional medical advice, diagnosis, or treatment. Always consult a qualified physician, physiotherapist, or healthcare provider before starting any exercise, rehabilitation program, or if you experience pain, injury, or medical conditions. Do not ignore professional medical advice or delay seeking it because of this content.","Reduce gripping load, isometric wrist exercises, soft tissue work","Eccentric wrist flexion/extension, light forearm strengthening","Progressive loading of curls, extensions, grip training",Return to heavy lifts with volume control
Carpal Tunnel Syndrome,Wrist,"Overuse, poor technique, excessive load during wrist training","Pain, stiffness, swelling, reduced strength or mobility","Proper warm-up, correct form, gradual progression, adequate recovery","Isometrics, controlled mobility, light resistance strengthening","This information is for educational purposes only and is not a substitute for professional medical advice, diagnosis, or treatment. Always consult a qualified physician, physiotherapist, or healthcare provider before starting any exercise, rehabilitation program, or if you experience pain, injury, or medical conditions. Do not ignore professional medical advice or delay seeking it because of this content.","Rest from heavy gripping, wrist mobility, pain-free ROM","Light resistance wrist flexion/extension, mobility drills","Grip strengthening, load tolerance training",Return to compound lifts with wrist support if needed
Wrist Tendinitis,Wrist,"Overuse, poor technique, excessive load during wrist training","Pain, stiffness, swelling, reduced strength or mobility","Proper warm-up, correct form, gradual progression, adequate recovery","Isometrics, controlled mobility, light resistance strengthening","This information is for educational purposes only and is not a substitute for professional medical advice, diagnosis, or treatment. Always consult a qualified physician, physiotherapist, or healthcare provider before starting any exercise, rehabilitation program, or if you experience pain, injury, or medical conditions. Do not ignore professional medical advice or delay seeking it because of this content.","Rest from heavy gripping, wrist mobility, pain-free ROM","Light resistance wrist flexion/extension, mobility drills","Grip strengthening, load tolerance training",Return to compound lifts with wrist support if needed
TFCC Tear,Wrist,"Overuse, poor technique, excessive load during wrist training","Pain, stiffness, swelling, reduced strength or mobility","Proper warm-up, correct form, gradual progression, adequate recovery","Isometrics, controlled mobility, light resistance strengthening","This information is for educational purposes only and is not a substitute for professional medical advice, diagnosis, or treatment. Always consult a qualified physician, physiotherapist, or healthcare provider before starting any exercise, rehabilitation program, or if you experience pain, injury, or medical conditions. Do not ignore professional medical advice or delay seeking it because of this content.","Rest from heavy gripping, wrist mobility, pain-free ROM","Light resistance wrist flexion/extension, mobility drills","Grip strengthening, load tolerance training",Return to compound lifts with wrist support if needed
Wrist Sprain,Wrist,"Overuse, poor technique, excessive load during wrist training","Pain, stiffness, swelling, reduced strength or mobility","Proper warm-up, correct form, gradual progression, adequate recovery","Isometrics, controlled mobility, light resistance strengthening","This information is for educational purposes only and is not a substitute for professional medical advice, diagnosis, or treatment. Always consult a qualified physician, physiotherapist, or healthcare provider before starting any exercise, rehabilitation program, or if you experience pain, injury, or medical conditions. Do not ignore professional medical advice or delay seeking it because of this content.","Rest from heavy gripping, wrist mobility, pain-free ROM","Light resistance wrist flexion/extension, mobility drills","Grip strengthening, load tolerance training",Return to compound lifts with wrist support if needed
De Quervain’s Tenosynovitis,Wrist,"Overuse, poor technique, excessive load during wrist training","Pain, stiffness, swelling, reduced strength or mobility","Proper warm-up, correct form, gradual progression, adequate recovery","Isometrics, controlled mobility, light resistance strengthening","This information is for educational purposes only and is not a substitute for professional medical advice, diagnosis, or treatment. Always consult a qualified physician, physiotherapist, or healthcare provider before starting any exercise, rehabilitation program, or if you experience pain, injury, or medical conditions. Do not ignore professional medical advice or delay seeking it because of this content.","Rest from heavy gripping, wrist mobility, pain-free ROM","Light resistance wrist flexion/extension, mobility drills","Grip strengthening, load tolerance training",Return to compound lifts with wrist support if needed
Flexor Tendinitis,Wrist,"Overuse, poor technique, excessive load during wrist training","Pain, stiffness, swelling, reduced strength or mobility","Proper warm-up, correct form, gradual progression, adequate recovery","Isometrics, controlled mobility, light resistance strengthening","This information is for educational purposes only and is not a substitute for professional medical advice, diagnosis, or treatment. Always consult a qualified physician, physiotherapist, or healthcare provider before starting any exercise, rehabilitation program, or if you experience pain, injury, or medical conditions. Do not ignore professional medical advice or delay seeking it because of this content.","Rest from heavy gripping, wrist mobility, pain-free ROM","Light resistance wrist flexion/extension, mobility drills","Grip strengthening, load tolerance training",Return to compound lifts with wrist support if needed
Extensor Tendinitis,Wrist,"Overuse, poor technique, excessive load during wrist training","Pain, stiffness, swelling, reduced strength or mobility","Proper warm-up, correct form, gradual progression, adequate recovery","Isometrics, controlled mobility, light resistance strengthening","This information is for educational purposes only and is not a substitute for professional medical advice, diagnosis, or treatment. Always consult a qualified physician, physiotherapist, or healthcare provider before starting any exercise, rehabilitation program, or if you experience pain, injury, or medical conditions. Do not ignore professional medical advice or delay seeking it because of this content.","Rest from heavy gripping, wrist mobility, pain-free ROM","Light resistance wrist flexion/extension, mobility drills","Grip strengthening, load tolerance training",Return to compound lifts with wrist support if needed
Grip Overuse Injury,Wrist,"Overuse, poor technique, excessive load during wrist training","Pain, stiffness, swelling, reduced strength or mobility","Proper warm-up, correct form, gradual progression, adequate recovery","Isometrics, controlled mobility, light resistance strengthening","This information is for educational purposes only and is not a substitute for professional medical advice, diagnosis, or treatment. Always consult a qualified physician, physiotherapist, or healthcare provider before starting any exercise, rehabilitation program, or if you experience pain, injury, or medical conditions. Do not ignore professional medical advice or delay seeking it because of this content.","Rest from heavy gripping, wrist mobility, pain-free ROM","Light resistance wrist flexion/extension, mobility drills","Grip strengthening, load tolerance training",Return to compound lifts with wrist support if needed
Wrist Instability,Wrist,"Overuse, poor technique, excessive load during wrist training","Pain, stiffness, swelling, reduced strength or mobility","Proper warm-up, correct form, gradual progression, adequate recovery","Isometrics, controlled mobility, light resistance strengthening","This information is for educational purposes only and is not a substitute for professional medical advice, diagnosis, or treatment. Always consult a qualified physician, physiotherapist, or healthcare provider before starting any exercise, rehabilitation program, or if you experience pain, injury, or medical conditions. Do not ignore professional medical advice or delay seeking it because of this content.","Rest from heavy gripping, wrist mobility, pain-free ROM","Light resistance wrist flexion/extension, mobility drills","Grip strengthening, load tolerance training",Return to compound lifts with wrist support if needed
Ulnar Wrist Pain,Wrist,"Overuse, poor technique, excessive load during wrist training","Pain, stiffness, swelling, reduced strength or mobility","Proper warm-up, correct form, gradual progression, adequate recovery","Isometrics, controlled mobility, light resistance strengthening","This information is for educational purposes only and is not a substitute for professional medical advice, diagnosis, or treatment. Always consult a qualified physician, physiotherapist, or healthcare provider before starting any exercise, rehabilitation program, or if you experience pain, injury, or medical conditions. Do not ignore professional medical advice or delay seeking it because of this content.","Rest from heavy gripping, wrist mobility, pain-free ROM","Light resistance wrist flexion/extension, mobility drills","Grip strengthening, load tolerance training",Return to compound lifts with wrist support if needed
Lumbar Strain,Lower Back,"Overuse, poor technique, excessive load during lower back training","Pain, stiffness, swelling, reduced strength or mobility","Proper warm-up, correct form, gradual progression, adequate recovery","Isometrics, controlled mobility, light resistance strengthening","This information is for educational purposes only and is not a substitute for professional medical advice, diagnosis, or treatment. Always consult a qualified physician, physiotherapist, or healthcare provider before starting any exercise, rehabilitation program, or if you experience pain, injury, or medical conditions. Do not ignore professional medical advice or delay seeking it because of this content.","Pain-free walking, McGill Big 3, avoid spinal loading","Core stability, hip mobility, light hinges","Progressive loading with goblet squats, RDLs",Return to deadlifts/squats with strict technique
Herniated Disc,Lower Back,"Overuse, poor technique, excessive load during lower back training","Pain, stiffness, swelling, reduced strength or mobility","Proper warm-up, correct form, gradual progression, adequate recovery","Isometrics, controlled mobility, light resistance strengthening","This information is for educational purposes only and is not a substitute for professional medical advice, diagnosis, or treatment. Always consult a qualified physician, physiotherapist, or healthcare provider before starting any exercise, rehabilitation program, or if you experience pain, injury, or medical conditions. Do not ignore professional medical advice or delay seeking it because of this content.","Pain-free walking, McGill Big 3, avoid spinal loading","Core stability, hip mobility, light hinges","Progressive loading with goblet squats, RDLs",Return to deadlifts/squats with strict technique
Sciatica,Lower Back,"Overuse, poor technique, excessive load during lower back training","Pain, stiffness, swelling, reduced strength or mobility","Proper warm-up, correct form, gradual progression, adequate recovery","Isometrics, controlled mobility, light resistance strengthening","This information is for educational purposes only and is not a substitute for professional medical advice, diagnosis, or treatment. Always consult a qualified physician, physiotherapist, or healthcare provider before starting any exercise, rehabilitation program, or if you experience pain, injury, or medical conditions. Do not ignore professional medical advice or delay seeking it because of this content.","Pain-free walking, McGill Big 3, avoid spinal loading","Core stability, hip mobility, light hinges","Progressive loading with goblet squats, RDLs",Return to deadlifts/squats with strict technique
Facet Joint Syndrome,Lower Back,"Overuse, poor technique, excessive load during lower back training","Pain, stiffness, swelling, reduced strength or mobility","Proper warm-up, correct form, gradual progression, adequate recovery","Isometrics, controlled mobility, light resistance strengthening","This information is for educational purposes only and is not a substitute for professional medical advice, diagnosis, or treatment. Always consult a qualified physician, physiotherapist, or healthcare provider before starting any exercise, rehabilitation program, or if you experience pain, injury, or medical conditions. Do not ignore professional medical advice or delay seeking it because of this content.","Pain-free walking, McGill Big 3, avoid spinal loading","Core stability, hip mobility, light hinges","Progressive loading with goblet squats, RDLs",Return to deadlifts/squats with strict technique
Muscle Spasm,Lower Back,"Overuse, poor technique, excessive load during lower back training","Pain, stiffness, swelling, reduced strength or mobility","Proper warm-up, correct form, gradual progression, adequate recovery","Isometrics, controlled mobility, light resistance strengthening","This information is for educational purposes only and is not a substitute for professional medical advice, diagnosis, or treatment. Always consult a qualified physician, physiotherapist, or healthcare provider before starting any exercise, rehabilitation program, or if you experience pain, injury, or medical conditions. Do not ignore professional medical advice or delay seeking it because of this content.","Pain-free walking, McGill Big 3, avoid spinal loading","Core stability, hip mobility, light hinges","Progressive loading with goblet squats, RDLs",Return to deadlifts/squats with strict technique
Sacroiliac Joint Dysfunction,Lower Back,"Overuse, poor technique, excessive load during lower back training","Pain, stiffness, swelling, reduced strength or mobility","Proper warm-up, correct form, gradual progression, adequate recovery","Isometrics, controlled mobility, light resistance strengthening","This information is for educational purposes only and is not a substitute for professional medical advice, diagnosis, or treatment. Always consult a qualified physician, physiotherapist, or healthcare provider before starting any exercise, rehabilitation program, or if you experience pain, injury, or medical conditions. Do not ignore professional medical advice or delay seeking it because of this content.","Pain-free walking, McGill Big 3, avoid spinal loading","Core stability, hip mobility, light hinges","Progressive loading with goblet squats, RDLs",Return to deadlifts/squats with strict technique
Disc Bulge,Lower Back,"Overuse, poor technique, excessive load during lower back training","Pain, stiffness, swelling, reduced strength or mobility","Proper warm-up, correct form, gradual progression, adequate recovery","Isometrics, controlled mobility, light resistance strengthening","This information is for educational purposes only and is not a substitute for professional medical advice, diagnosis, or treatment. Always consult a qualified physician, physiotherapist, or healthcare provider before starting any exercise, rehabilitation program, or if you experience pain, injury, or medical conditions. Do not ignore professional medical advice or delay seeking it because of this content.","Pain-free walking, McGill Big 3, avoid spinal loading","Core stability, hip mobility, light hinges","Progressive loading with goblet squats, RDLs",Return to deadlifts/squats with strict technique
Lumbar Instability,Lower Back,"Overuse, poor technique, excessive load during lower back training","Pain, stiffness, swelling, reduced strength or mobility","Proper warm-up, correct form, gradual progression, adequate recovery","Isometrics, controlled mobility, light resistance strengthening","This information is for educational purposes only and is not a substitute for professional medical advice, diagnosis, or treatment. Always consult a qualified physician, physiotherapist, or healthcare provider before starting any exercise, rehabilitation program, or if you experience pain, injury, or medical conditions. Do not ignore professional medical advice or delay seeking it because of this content.","Pain-free walking, McGill Big 3, avoid spinal loading","Core stability, hip mobility, light hinges","Progressive loading with goblet squats, RDLs",Return to deadlifts/squats with strict technique
Erector Spinae Strain,Lower Back,"Overuse, poor technique, excessive load during lower back training","Pain, stiffness, swelling, reduced strength or mobility","Proper warm-up, correct form, gradual progression, adequate recovery","Isometrics, controlled mobility, light resistance strengthening","This information is for educational purposes only and is not a substitute for professional medical advice, diagnosis, or treatment. Always consult a qualified physician, physiotherapist, or healthcare provider before starting any exercise, rehabilitation program, or if you experience pain, injury, or medical conditions. Do not ignore professional medical advice or delay seeking it because of this content.","Pain-free walking, McGill Big 3, avoid spinal loading","Core stability, hip mobility, light hinges","Progressive loading with goblet squats, RDLs",Return to deadlifts/squats with strict technique
Lower Back Tightness,Lower Back,"Overuse, poor technique, excessive load during lower back training","Pain, stiffness, swelling, reduced strength or mobility","Proper warm-up, correct form, gradual progression, adequate recovery","Isometrics, controlled mobility, light resistance strengthening","This information is for educational purposes only and is not a substitute for professional medical advice, diagnosis, or treatment. Always consult a qualified physician, physiotherapist, or healthcare provider before starting any exercise, rehabilitation program, or if you experience pain, injury, or medical conditions. Do not ignore professional medical advice or delay seeking it because of this content.","Pain-free walking, McGill Big 3, avoid spinal loading","Core stability, hip mobility, light hinges","Progressive loading with goblet squats, RDLs",Return to deadlifts/squats with strict technique
Patellar Tendinitis,Knee,"Overuse, poor technique, excessive load during knee training","Pain, stiffness, swelling, reduced strength or mobility","Proper warm-up, correct form, gradual progression, adequate recovery","Isometrics, controlled mobility, light resistance strengthening","This information is for educational purposes only and is not a substitute for professional medical advice, diagnosis, or treatment. Always consult a qualified physician, physiotherapist, or healthcare provider before starting any exercise, rehabilitation program, or if you experience pain, injury, or medical conditions. Do not ignore professional medical advice or delay seeking it because of this content.","Reduce impact, quad isometrics, knee-friendly ROM","Step-downs, terminal knee extensions, mobility work","Progressive squats, lunges, unilateral loading",Return to full-depth squats and plyometrics gradually
Runner’s Knee,Knee,"Overuse, poor technique, excessive load during knee training","Pain, stiffness, swelling, reduced strength or mobility","Proper warm-up, correct form, gradual progression, adequate recovery","Isometrics, controlled mobility, light resistance strengthening","This information is for educational purposes only and is not a substitute for professional medical advice, diagnosis, or treatment. Always consult a qualified physician, physiotherapist, or healthcare provider before starting any exercise, rehabilitation program, or if you experience pain, injury, or medical conditions. Do not ignore professional medical advice or delay seeking it because of this content.","Reduce impact, quad isometrics, knee-friendly ROM","Step-downs, terminal knee extensions, mobility work","Progressive squats, lunges, unilateral loading",Return to full-depth squats and plyometrics gradually
Meniscus Tear,Knee,"Overuse, poor technique, excessive load during knee training","Pain, stiffness, swelling, reduced strength or mobility","Proper warm-up, correct form, gradual progression, adequate recovery","Isometrics, controlled mobility, light resistance strengthening","This information is for educational purposes only and is not a substitute for professional medical advice, diagnosis, or treatment. Always consult a qualified physician, physiotherapist, or healthcare provider before starting any exercise, rehabilitation program, or if you experience pain, injury, or medical conditions. Do not ignore professional medical advice or delay seeking it because of this content.","Reduce impact, quad isometrics, knee-friendly ROM","Step-downs, terminal knee extensions, mobility work","Progressive squats, lunges, unilateral loading",Return to full-depth squats and plyometrics gradually
ACL Strain,Knee,"Overuse, poor technique, excessive load during knee training","Pain, stiffness, swelling, reduced strength or mobility","Proper warm-up, correct form, gradual progression, adequate recovery","Isometrics, controlled mobility, light resistance strengthening","This information is for educational purposes only and is not a substitute for professional medical advice, diagnosis, or treatment. Always consult a qualified physician, physiotherapist, or healthcare provider before starting any exercise, rehabilitation program, or if you experience pain, injury, or medical conditions. Do not ignore professional medical advice or delay seeking it because of this content.","Reduce impact, quad isometrics, knee-friendly ROM","Step-downs, terminal knee extensions, mobility work","Progressive squats, lunges, unilateral loading",Return to full-depth squats and plyometrics gradually
MCL Sprain,Knee,"Overuse, poor technique, excessive load during knee training","Pain, stiffness, swelling, reduced strength or mobility","Proper warm-up, correct form, gradual progression, adequate recovery","Isometrics, controlled mobility, light resistance strengthening","This information is for educational purposes only and is not a substitute for professional medical advice, diagnosis, or treatment. Always consult a qualified physician, physiotherapist, or healthcare provider before starting any exercise, rehabilitation program, or if you experience pain, injury, or medical conditions. Do not ignore professional medical advice or delay seeking it because of this content.","Reduce impact, quad isometrics, knee-friendly ROM","Step-downs, terminal knee extensions, mobility work","Progressive squats, lunges, unilateral loading",Return to full-depth squats and plyometrics gradually
IT Band Syndrome,Knee,"Overuse, poor technique, excessive load during knee training","Pain, stiffness, swelling, reduced strength or mobility","Proper warm-up, correct form, gradual progression, adequate recovery","Isometrics, controlled mobility, light resistance strengthening","This information is for educational purposes only and is not a substitute for professional medical advice, diagnosis, or treatment. Always consult a qualified physician, physiotherapist, or healthcare provider before starting any exercise, rehabilitation program, or if you experience pain, injury, or medical conditions. Do not ignore professional medical advice or delay seeking it because of this content.","Reduce impact, quad isometrics, knee-friendly ROM","Step-downs, terminal knee extensions, mobility work","Progressive squats, lunges, unilateral loading",Return to full-depth squats and plyometrics gradually
Knee Bursitis,Knee,"Overuse, poor technique, excessive load during knee training","Pain, stiffness, swelling, reduced strength or mobility","Proper warm-up, correct form, gradual progression, adequate recovery","Isometrics, controlled mobility, light resistance strengthening","This information is for educational purposes only and is not a substitute for professional medical advice, diagnosis, or treatment. Always consult a qualified physician, physiotherapist, or healthcare provider before starting any exercise, rehabilitation program, or if you experience pain, injury, or medical conditions. Do not ignore professional medical advice or delay seeking it because of this content.","Reduce impact, quad isometrics, knee-friendly ROM","Step-downs, terminal knee extensions, mobility work","Progressive squats, lunges, unilateral loading",Return to full-depth squats and plyometrics gradually
Chondromalacia Patella,Knee,"Overuse, poor technique, excessive load during knee training","Pain, stiffness, swelling, reduced strength or mobility","Proper warm-up, correct form, gradual progression, adequate recovery","Isometrics, controlled mobility, light resistance strengthening","This information is for educational purposes only and is not a substitute for professional medical advice, diagnosis, or treatment. Always consult a qualified physician, physiotherapist, or healthcare provider before starting any exercise, rehabilitation program, or if you experience pain, injury, or medical conditions. Do not ignore professional medical advice or delay seeking it because of this content.","Reduce impact, quad isometrics, knee-friendly ROM","Step-downs, terminal knee extensions, mobility work","Progressive squats, lunges, unilateral loading",Return to full-depth squats and plyometrics gradually
Quad Tendinitis,Knee,"Overuse, poor technique, excessive load during knee training","Pain, stiffness, swelling, reduced strength or mobility","Proper warm-up, correct form, gradual progression, adequate recovery","Isometrics, controlled mobility, light resistance strengthening","This information is for educational purposes only and is not a substitute for professional medical advice, diagnosis, or treatment. Always consult a qualified physician, physiotherapist, or healthcare provider before starting any exercise, rehabilitation program, or if you experience pain, injury, or medical conditions. Do not ignore professional medical advice or delay seeking it because of this content.","Reduce impact, quad isometrics, knee-friendly ROM","Step-downs, terminal knee extensions, mobility work","Progressive squats, lunges, unilateral loading",Return to full-depth squats and plyometrics gradually
Hamstring Tendinitis (Knee),Knee,"Overuse, poor technique, excessive load during knee training","Pain, stiffness, swelling, reduced strength or mobility","Proper warm-up, correct form, gradual progression, adequate recovery","Isometrics, controlled mobility, light resistance strengthening","This information is for educational purposes only and is not a substitute for professional medical advice, diagnosis, or treatment. Always consult a qualified physician, physiotherapist, or healthcare provider before starting any exercise, rehabilitation program, or if you experience pain, injury, or medical conditions. Do not ignore professional medical advice or delay seeking it because of this content.","Reduce impact, quad isometrics, knee-friendly ROM","Step-downs, terminal knee extensions, mobility work","Progressive squats, lunges, unilateral loading",Return to full-depth squats and plyometrics gradually
Hip Flexor Strain,Hip,"Overuse, poor technique, excessive load during hip training","Pain, stiffness, swelling, reduced strength or mobility","Proper warm-up, correct form, gradual progression, adequate recovery","Isometrics, controlled mobility, light resistance strengthening","This information is for educational purposes only and is not a substitute for professional medical advice, diagnosis, or treatment. Always consult a qualified physician, physiotherapist, or healthcare provider before starting any exercise, rehabilitation program, or if you experience pain, injury, or medical conditions. Do not ignore professional medical advice or delay seeking it because of this content.","Pain-free ROM, glute activation, avoid deep flexion","Controlled hip mobility, banded strengthening","Progressive hinges, split squats, lateral stability",Return to heavy lower-body training gradually
Glute Strain,Hip,"Overuse, poor technique, excessive load during hip training","Pain, stiffness, swelling, reduced strength or mobility","Proper warm-up, correct form, gradual progression, adequate recovery","Isometrics, controlled mobility, light resistance strengthening","This information is for educational purposes only and is not a substitute for professional medical advice, diagnosis, or treatment. Always consult a qualified physician, physiotherapist, or healthcare provider before starting any exercise, rehabilitation program, or if you experience pain, injury, or medical conditions. Do not ignore professional medical advice or delay seeking it because of this content.","Pain-free ROM, glute activation, avoid deep flexion","Controlled hip mobility, banded strengthening","Progressive hinges, split squats, lateral stability",Return to heavy lower-body training gradually
Hip Bursitis,Hip,"Overuse, poor technique, excessive load during hip training","Pain, stiffness, swelling, reduced strength or mobility","Proper warm-up, correct form, gradual progression, adequate recovery","Isometrics, controlled mobility, light resistance strengthening","This information is for educational purposes only and is not a substitute for professional medical advice, diagnosis, or treatment. Always consult a qualified physician, physiotherapist, or healthcare provider before starting any exercise, rehabilitation program, or if you experience pain, injury, or medical conditions. Do not ignore professional medical advice or delay seeking it because of this content.","Pain-free ROM, glute activation, avoid deep flexion","Controlled hip mobility, banded strengthening","Progressive hinges, split squats, lateral stability",Return to heavy lower-body training gradually
Hip Labral Tear,Hip,"Overuse, poor technique, excessive load during hip training","Pain, stiffness, swelling, reduced strength or mobility","Proper warm-up, correct form, gradual progression, adequate recovery","Isometrics, controlled mobility, light resistance strengthening","This information is for educational purposes only and is not a substitute for professional medical advice, diagnosis, or treatment. Always consult a qualified physician, physiotherapist, or healthcare provider before starting any exercise, rehabilitation program, or if you experience pain, injury, or medical conditions. Do not ignore professional medical advice or delay seeking it because of this content.","Pain-free ROM, glute activation, avoid deep flexion","Controlled hip mobility, banded strengthening","Progressive hinges, split squats, lateral stability",Return to heavy lower-body training gradually
Piriformis Syndrome,Hip,"Overuse, poor technique, excessive load during hip training","Pain, stiffness, swelling, reduced strength or mobility","Proper warm-up, correct form, gradual progression, adequate recovery","Isometrics, controlled mobility, light resistance strengthening","This information is for educational purposes only and is not a substitute for professional medical advice, diagnosis, or treatment. Always consult a qualified physician, physiotherapist, or healthcare provider before starting any exercise, rehabilitation program, or if you experience pain, injury, or medical conditions. Do not ignore professional medical advice or delay seeking it because of this content.","Pain-free ROM, glute activation, avoid deep flexion","Controlled hip mobility, banded strengthening","Progressive hinges, split squats, lateral stability",Return to heavy lower-body training gradually
Adductor Strain,Hip,"Overuse, poor technique, excessive load during hip training","Pain, stiffness, swelling, reduced strength or mobility","Proper warm-up, correct form, gradual progression, adequate recovery","Isometrics, controlled mobility, light resistance strengthening","This information is for educational purposes only and is not a substitute for professional medical advice, diagnosis, or treatment. Always consult a qualified physician, physiotherapist, or healthcare provider before starting any exercise, rehabilitation program, or if you experience pain, injury, or medical conditions. Do not ignore professional medical advice or delay seeking it because of this content.","Pain-free ROM, glute activation, avoid deep flexion","Controlled hip mobility, banded strengthening","Progressive hinges, split squats, lateral stability",Return to heavy lower-body training gradually
Groin Pull,Hip,"Overuse, poor technique, excessive load during hip training","Pain, stiffness, swelling, reduced strength or mobility","Proper warm-up, correct form, gradual progression, adequate recovery","Isometrics, controlled mobility, light resistance strengthening","This information is for educational purposes only and is not a substitute for professional medical advice, diagnosis, or treatment. Always consult a qualified physician, physiotherapist, or healthcare provider before starting any exercise, rehabilitation program, or if you experience pain, injury, or medical conditions. Do not ignore professional medical advice or delay seeking it because of this content.","Pain-free ROM, glute activation, avoid deep flexion","Controlled hip mobility, banded strengthening","Progressive hinges, split squats, lateral stability",Return to heavy lower-body training gradually
Hip Impingement,Hip,"Overuse, poor technique, excessive load during hip training","Pain, stiffness, swelling, reduced strength or mobility","Proper warm-up, correct form, gradual progression, adequate recovery","Isometrics, controlled mobility, light resistance strengthening","This information is for educational purposes only and is not a substitute for professional medical advice, diagnosis, or treatment. Always consult a qualified physician, physiotherapist, or healthcare provider before starting any exercise, rehabilitation program, or if you experience pain, injury, or medical conditions. Do not ignore professional medical advice or delay seeking it because of this content.","Pain-free ROM, glute activation, avoid deep flexion","Controlled hip mobility, banded strengthening","Progressive hinges, split squats, lateral stability",Return to heavy lower-body training gradually
Tensor Fasciae Latae Strain,Hip,"Overuse, poor technique, excessive load during hip training","Pain, stiffness, swelling, reduced strength or mobility","Proper warm-up, correct form, gradual progression, adequate recovery","Isometrics, controlled mobility, light resistance strengthening","This information is for educational purposes only and is not a substitute for professional medical advice, diagnosis, or treatment. Always consult a qualified physician, physiotherapist, or healthcare provider before starting any exercise, rehabilitation program, or if you experience pain, injury, or medical conditions. Do not ignore professional medical advice or delay seeking it because of this content.","Pain-free ROM, glute activation, avoid deep flexion","Controlled hip mobility, banded strengthening","Progressive hinges, split squats, lateral stability",Return to heavy lower-body training gradually
Hip Tightness,Hip,"Overuse, poor technique, excessive load during hip training","Pain, stiffness, swelling, reduced strength or mobility","Proper warm-up, correct form, gradual progression, adequate recovery","Isometrics, controlled mobility, light resistance strengthening","This information is for educational purposes only and is not a substitute for professional medical advice, diagnosis, or treatment. Always consult a qualified physician, physiotherapist, or healthcare provider before starting any exercise, rehabilitation program, or if you experience pain, injury, or medical conditions. Do not ignore professional medical advice or delay seeking it because of this content.","Pain-free ROM, glute activation, avoid deep flexion","Controlled hip mobility, banded strengthening","Progressive hinges, split squats, lateral stability",Return to heavy lower-body training gradually
Ankle Sprain,Ankle,"Overuse, poor technique, excessive load during ankle training","Pain, stiffness, swelling, reduced strength or mobility","Proper warm-up, correct form, gradual progression, adequate recovery","Isometrics, controlled mobility, light resistance strengthening","This information is for educational purposes only and is not a substitute for professional medical advice, diagnosis, or treatment. Always consult a qualified physician, physiotherapist, or healthcare provider before starting any exercise, rehabilitation program, or if you experience pain, injury, or medical conditions. Do not ignore professional medical advice or delay seeking it because of this content.","Rest, ankle pumps, calf isometrics","Calf raises, ankle mobility, balance drills","Progressive plyometrics, unilateral strength",Return to running and loaded lower-body work
Achilles Tendinitis,Ankle,"Overuse, poor technique, excessive load during ankle training","Pain, stiffness, swelling, reduced strength or mobility","Proper warm-up, correct form, gradual progression, adequate recovery","Isometrics, controlled mobility, light resistance strengthening","This information is for educational purposes only and is not a substitute for professional medical advice, diagnosis, or treatment. Always consult a qualified physician, physiotherapist, or healthcare provider before starting any exercise, rehabilitation program, or if you experience pain, injury, or medical conditions. Do not ignore professional medical advice or delay seeking it because of this content.","Rest, ankle pumps, calf isometrics","Calf raises, ankle mobility, balance drills","Progressive plyometrics, unilateral strength",Return to running and loaded lower-body work
Achilles Tear,Ankle,"Overuse, poor technique, excessive load during ankle training","Pain, stiffness, swelling, reduced strength or mobility","Proper warm-up, correct form, gradual progression, adequate recovery","Isometrics, controlled mobility, light resistance strengthening","This information is for educational purposes only and is not a substitute for professional medical advice, diagnosis, or treatment. Always consult a qualified physician, physiotherapist, or healthcare provider before starting any exercise, rehabilitation program, or if you experience pain, injury, or medical conditions. Do not ignore professional medical advice or delay seeking it because of this content.","Rest, ankle pumps, calf isometrics","Calf raises, ankle mobility, balance drills","Progressive plyometrics, unilateral strength",Return to running and loaded lower-body work
Peroneal Tendinitis,Ankle,"Overuse, poor technique, excessive load during ankle training","Pain, stiffness, swelling, reduced strength or mobility","Proper warm-up, correct form, gradual progression, adequate recovery","Isometrics, controlled mobility, light resistance strengthening","This information is for educational purposes only and is not a substitute for professional medical advice, diagnosis, or treatment. Always consult a qualified physician, physiotherapist, or healthcare provider before starting any exercise, rehabilitation program, or if you experience pain, injury, or medical conditions. Do not ignore professional medical advice or delay seeking it because of this content.","Rest, ankle pumps, calf isometrics","Calf raises, ankle mobility, balance drills","Progressive plyometrics, unilateral strength",Return to running and loaded lower-body work
Ankle Instability,Ankle,"Overuse, poor technique, excessive load during ankle training","Pain, stiffness, swelling, reduced strength or mobility","Proper warm-up, correct form, gradual progression, adequate recovery","Isometrics, controlled mobility, light resistance strengthening","This information is for educational purposes only and is not a substitute for professional medical advice, diagnosis, or treatment. Always consult a qualified physician, physiotherapist, or healthcare provider before starting any exercise, rehabilitation program, or if you experience pain, injury, or medical conditions. Do not ignore professional medical advice or delay seeking it because of this content.","Rest, ankle pumps, calf isometrics","Calf raises, ankle mobility, balance drills","Progressive plyometrics, unilateral strength",Return to running and loaded lower-body work
Heel Pain,Ankle,"Overuse, poor technique, excessive load during ankle training","Pain, stiffness, swelling, reduced strength or mobility","Proper warm-up, correct form, gradual progression, adequate recovery","Isometrics, controlled mobility, light resistance strengthening","This information is for educational purposes only and is not a substitute for professional medical advice, diagnosis, or treatment. Always consult a qualified physician, physiotherapist, or healthcare provider before starting any exercise, rehabilitation program, or if you experience pain, injury, or medical conditions. Do not ignore professional medical advice or delay seeking it because of this content.","Rest, ankle pumps, calf isometrics","Calf raises, ankle mobility, balance drills","Progressive plyometrics, unilateral strength",Return to running and loaded lower-body work
Posterior Tibial Tendinitis,Ankle,"Overuse, poor technique, excessive load during ankle training","Pain, stiffness, swelling, reduced strength or mobility","Proper warm-up, correct form, gradual progression, adequate recovery","Isometrics, controlled mobility, light resistance strengthening","This information is for educational purposes only and is not a substitute for professional medical advice, diagnosis, or treatment. Always consult a qualified physician, physiotherapist, or healthcare provider before starting any exercise, rehabilitation program, or if you experience pain, injury, or medical conditions. Do not ignore professional medical advice or delay seeking it because of this content.","Rest, ankle pumps, calf isometrics","Calf raises, ankle mobility, balance drills","Progressive plyometrics, unilateral strength",Return to running and loaded lower-body work
Calf Strain,Ankle,"Overuse, poor technique, excessive load during ankle training","Pain, stiffness, swelling, reduced strength or mobility","Proper warm-up, correct form, gradual progression, adequate recovery","Isometrics, controlled mobility, light resistance strengthening","This information is for educational purposes only and is not a substitute for professional medical advice, diagnosis, or treatment. Always consult a qualified physician, physiotherapist, or healthcare provider before starting any exercise, rehabilitation program, or if you experience pain, injury, or medical conditions. Do not ignore professional medical advice or delay seeking it because of this content.","Rest, ankle pumps, calf isometrics","Calf raises, ankle mobility, balance drills","Progressive plyometrics, unilateral strength",Return to running and loaded lower-body work
Ankle Bursitis,Ankle,"Overuse, poor technique, excessive load during ankle training","Pain, stiffness, swelling, reduced strength or mobility","Proper warm-up, correct form, gradual progression, adequate recovery","Isometrics, controlled mobility, light resistance strengthening","This information is for educational purposes only and is not a substitute for professional medical advice, diagnosis, or treatment. Always consult a qualified physician, physiotherapist, or healthcare provider before starting any exercise, rehabilitation program, or if you experience pain, injury, or medical conditions. Do not ignore professional medical advice or delay seeking it because of this content.","Rest, ankle pumps, calf isometrics","Calf raises, ankle mobility, balance drills","Progressive plyometrics, unilateral strength",Return to running and loaded lower-body work
Ankle Overuse Injury,Ankle,"Overuse, poor technique, excessive load during ankle training","Pain, stiffness, swelling, reduced strength or mobility","Proper warm-up, correct form, gradual progression, adequate recovery","Isometrics, controlled mobility, light resistance strengthening","This information is for educational purposes only and is not a substitute for professional medical advice, diagnosis, or treatment. Always consult a qualified physician, physiotherapist, or healthcare provider before starting any exercise, rehabilitation program, or if you experience pain, injury, or medical conditions. Do not ignore professional medical advice or delay seeking it because of this content.","Rest, ankle pumps, calf isometrics","Calf raises, ankle mobility, balance drills","Progressive plyometrics, unilateral strength",Return to running and loaded lower-body work
Plantar Fasciitis,Foot,"Overuse, poor technique, excessive load during foot training","Pain, stiffness, swelling, reduced strength or mobility","Proper warm-up, correct form, gradual progression, adequate recovery","Isometrics, controlled mobility, light resistance strengthening","This information is for educational purposes only and is not a substitute for professional medical advice, diagnosis, or treatment. Always consult a qualified physician, physiotherapist, or healthcare provider before starting any exercise, rehabilitation program, or if you experience pain, injury, or medical conditions. Do not ignore professional medical advice or delay seeking it because of this content.","Reduce impact, foot mobility, towel curls","Intrinsic foot strengthening, calf mobility","Progressive loading, barefoot strength drills",Return to jumping and running gradually
Heel Spur,Foot,"Overuse, poor technique, excessive load during foot training","Pain, stiffness, swelling, reduced strength or mobility","Proper warm-up, correct form, gradual progression, adequate recovery","Isometrics, controlled mobility, light resistance strengthening","This information is for educational purposes only and is not a substitute for professional medical advice, diagnosis, or treatment. Always consult a qualified physician, physiotherapist, or healthcare provider before starting any exercise, rehabilitation program, or if you experience pain, injury, or medical conditions. Do not ignore professional medical advice or delay seeking it because of this content.","Reduce impact, foot mobility, towel curls","Intrinsic foot strengthening, calf mobility","Progressive loading, barefoot strength drills",Return to jumping and running gradually
Metatarsal Stress Injury,Foot,"Overuse, poor technique, excessive load during foot training","Pain, stiffness, swelling, reduced strength or mobility","Proper warm-up, correct form, gradual progression, adequate recovery","Isometrics, controlled mobility, light resistance strengthening","This information is for educational purposes only and is not a substitute for professional medical advice, diagnosis, or treatment. Always consult a qualified physician, physiotherapist, or healthcare provider before starting any exercise, rehabilitation program, or if you experience pain, injury, or medical conditions. Do not ignore professional medical advice or delay seeking it because of this content.","Reduce impact, foot mobility, towel curls","Intrinsic foot strengthening, calf mobility","Progressive loading, barefoot strength drills",Return to jumping and running gradually
Arch Strain,Foot,"Overuse, poor technique, excessive load during foot training","Pain, stiffness, swelling, reduced strength or mobility","Proper warm-up, correct form, gradual progression, adequate recovery","Isometrics, controlled mobility, light resistance strengthening","This information is for educational purposes only and is not a substitute for professional medical advice, diagnosis, or treatment. Always consult a qualified physician, physiotherapist, or healthcare provider before starting any exercise, rehabilitation program, or if you experience pain, injury, or medical conditions. Do not ignore professional medical advice or delay seeking it because of this content.","Reduce impact, foot mobility, towel curls","Intrinsic foot strengthening, calf mobility","Progressive loading, barefoot strength drills",Return to jumping and running gradually
Toe Flexor Strain,Foot,"Overuse, poor technique, excessive load during foot training","Pain, stiffness, swelling, reduced strength or mobility","Proper warm-up, correct form, gradual progression, adequate recovery","Isometrics, controlled mobility, light resistance strengthening","This information is for educational purposes only and is not a substitute for professional medical advice, diagnosis, or treatment. Always consult a qualified physician, physiotherapist, or healthcare provider before starting any exercise, rehabilitation program, or if you experience pain, injury, or medical conditions. Do not ignore professional medical advice or delay seeking it because of this content.","Reduce impact, foot mobility, towel curls","Intrinsic foot strengthening, calf mobility","Progressive loading, barefoot strength drills",Return to jumping and running gradually
Toe Extensor Strain,Foot,"Overuse, poor technique, excessive load during foot training","Pain, stiffness, swelling, reduced strength or mobility","Proper warm-up, correct form, gradual progression, adequate recovery","Isometrics, controlled mobility, light resistance strengthening","This information is for educational purposes only and is not a substitute for professional medical advice, diagnosis, or treatment. Always consult a qualified physician, physiotherapist, or healthcare provider before starting any exercise, rehabilitation program, or if you experience pain, injury, or medical conditions. Do not ignore professional medical advice or delay seeking it because of this content.","Reduce impact, foot mobility, towel curls","Intrinsic foot strengthening, calf mobility","Progressive loading, barefoot strength drills",Return to jumping and running gradually
Morton’s Neuroma,Foot,"Overuse, poor technique, excessive load during foot training","Pain, stiffness, swelling, reduced strength or mobility","Proper warm-up, correct form, gradual progression, adequate recovery","Isometrics, controlled mobility, light resistance strengthening","This information is for educational purposes only and is not a substitute for professional medical advice, diagnosis, or treatment. Always consult a qualified physician, physiotherapist, or healthcare provider before starting any exercise, rehabilitation program, or if you experience pain, injury, or medical conditions. Do not ignore professional medical advice or delay seeking it because of this content.","Reduce impact, foot mobility, towel curls","Intrinsic foot strengthening, calf mobility","Progressive loading, barefoot strength drills",Return to jumping and running gradually
Midfoot Pain,Foot,"Overuse, poor technique, excessive load during foot training","Pain, stiffness, swelling, reduced strength or mobility","Proper warm-up, correct form, gradual progression, adequate recovery","Isometrics, controlled mobility, light resistance strengthening","This information is for educational purposes only and is not a substitute for professional medical advice, diagnosis, or treatment. Always consult a qualified physician, physiotherapist, or healthcare provider before starting any exercise, rehabilitation program, or if you experience pain, injury, or medical conditions. Do not ignore professional medical advice or delay seeking it because of this content.","Reduce impact, foot mobility, towel curls","Intrinsic foot strengthening, calf mobility","Progressive loading, barefoot strength drills",Return to jumping and running gradually
Foot Tendinitis,Foot,"Overuse, poor technique, excessive load during foot training","Pain, stiffness, swelling, reduced strength or mobility","Proper warm-up, correct form, gradual progression, adequate recovery","Isometrics, controlled mobility, light resistance strengthening","This information is for educational purposes only and is not a substitute for professional medical advice, diagnosis, or treatment. Always consult a qualified physician, physiotherapist, or healthcare provider before starting any exercise, rehabilitation program, or if you experience pain, injury, or medical conditions. Do not ignore professional medical advice or delay seeking it because of this content.","Reduce impact, foot mobility, towel curls","Intrinsic foot strengthening, calf mobility","Progressive loading, barefoot strength drills",Return to jumping and running gradually
Flat Foot Pain,Foot,"Overuse, poor technique, excessive load during foot training","Pain, stiffness, swelling, reduced strength or mobility","Proper warm-up, correct form, gradual progression, adequate recovery","Isometrics, controlled mobility, light resistance strengthening","This information is for educational purposes only and is not a substitute for professional medical advice, diagnosis, or treatment. Always consult a qualified physician, physiotherapist, or healthcare provider before starting any exercise, rehabilitation program, or if you experience pain, injury, or medical conditions. Do not ignore professional medical advice or delay seeking it because of this content.","Reduce impact, foot mobility, towel curls","Intrinsic foot strengthening, calf mobility","Progressive loading, barefoot strength drills",Return to jumping and running gradually
Cervical Strain,Neck,"Overuse, poor technique, excessive load during neck training","Pain, stiffness, swelling, reduced strength or mobility","Proper warm-up, correct form, gradual progression, adequate recovery","Isometrics, controlled mobility, light resistance strengthening","This information is for educational purposes only and is not a substitute for professional medical advice, diagnosis, or treatment. Always consult a qualified physician, physiotherapist, or healthcare provider before starting any exercise, rehabilitation program, or if you experience pain, injury, or medical conditions. Do not ignore professional medical advice or delay seeking it because of this content.","Posture correction, gentle ROM, isometrics","Deep neck flexor strengthening, mobility drills","Postural endurance, upper-back strengthening",Return to heavy lifts with neutral neck positioning
Neck Stiffness,Neck,"Overuse, poor technique, excessive load during neck training","Pain, stiffness, swelling, reduced strength or mobility","Proper warm-up, correct form, gradual progression, adequate recovery","Isometrics, controlled mobility, light resistance strengthening","This information is for educational purposes only and is not a substitute for professional medical advice, diagnosis, or treatment. Always consult a qualified physician, physiotherapist, or healthcare provider before starting any exercise, rehabilitation program, or if you experience pain, injury, or medical conditions. Do not ignore professional medical advice or delay seeking it because of this content.","Posture correction, gentle ROM, isometrics","Deep neck flexor strengthening, mobility drills","Postural endurance, upper-back strengthening",Return to heavy lifts with neutral neck positioning
Upper Trapezius Strain,Neck,"Overuse, poor technique, excessive load during neck training","Pain, stiffness, swelling, reduced strength or mobility","Proper warm-up, correct form, gradual progression, adequate recovery","Isometrics, controlled mobility, light resistance strengthening","This information is for educational purposes only and is not a substitute for professional medical advice, diagnosis, or treatment. Always consult a qualified physician, physiotherapist, or healthcare provider before starting any exercise, rehabilitation program, or if you experience pain, injury, or medical conditions. Do not ignore professional medical advice or delay seeking it because of this content.","Posture correction, gentle ROM, isometrics","Deep neck flexor strengthening, mobility drills","Postural endurance, upper-back strengthening",Return to heavy lifts with neutral neck positioning
Levator Scapulae Strain,Neck,"Overuse, poor technique, excessive load during neck training","Pain, stiffness, swelling, reduced strength or mobility","Proper warm-up, correct form, gradual progression, adequate recovery","Isometrics, controlled mobility, light resistance strengthening","This information is for educational purposes only and is not a substitute for professional medical advice, diagnosis, or treatment. Always consult a qualified physician, physiotherapist, or healthcare provider before starting any exercise, rehabilitation program, or if you experience pain, injury, or medical conditions. Do not ignore professional medical advice or delay seeking it because of this content.","Posture correction, gentle ROM, isometrics","Deep neck flexor strengthening, mobility drills","Postural endurance, upper-back strengthening",Return to heavy lifts with neutral neck positioning
Cervical Disc Irritation,Neck,"Overuse, poor technique, excessive load during neck training","Pain, stiffness, swelling, reduced strength or mobility","Proper warm-up, correct form, gradual progression, adequate recovery","Isometrics, controlled mobility, light resistance strengthening","This information is for educational purposes only and is not a substitute for professional medical advice, diagnosis, or treatment. Always consult a qualified physician, physiotherapist, or healthcare provider before starting any exercise, rehabilitation program, or if you experience pain, injury, or medical conditions. Do not ignore professional medical advice or delay seeking it because of this content.","Posture correction, gentle ROM, isometrics","Deep neck flexor strengthening, mobility drills","Postural endurance, upper-back strengthening",Return to heavy lifts with neutral neck positioning
Forward Head Posture Pain,Neck,"Overuse, poor technique, excessive load during neck training","Pain, stiffness, swelling, reduced strength or mobility","Proper warm-up, correct form, gradual progression, adequate recovery","Isometrics, controlled mobility, light resistance strengthening","This information is for educational purposes only and is not a substitute for professional medical advice, diagnosis, or treatment. Always consult a qualified physician, physiotherapist, or healthcare provider before starting any exercise, rehabilitation program, or if you experience pain, injury, or medical conditions. Do not ignore professional medical advice or delay seeking it because of this content.","Posture correction, gentle ROM, isometrics","Deep neck flexor strengthening, mobility drills","Postural endurance, upper-back strengthening",Return to heavy lifts with neutral neck positioning
Neck Spasm,Neck,"Overuse, poor technique, excessive load during neck training","Pain, stiffness, swelling, reduced strength or mobility","Proper warm-up, correct form, gradual progression, adequate recovery","Isometrics, controlled mobility, light resistance strengthening","This information is for educational purposes only and is not a substitute for professional medical advice, diagnosis, or treatment. Always consult a qualified physician, physiotherapist, or healthcare provider before starting any exercise, rehabilitation program, or if you experience pain, injury, or medical conditions. Do not ignore professional medical advice or delay seeking it because of this content.","Posture correction, gentle ROM, isometrics","Deep neck flexor strengthening, mobility drills","Postural endurance, upper-back strengthening",Return to heavy lifts with neutral neck positioning
Cervical Instability,Neck,"Overuse, poor technique, excessive load during neck training","Pain, stiffness, swelling, reduced strength or mobility","Proper warm-up, correct form, gradual progression, adequate recovery","Isometrics, controlled mobility, light resistance strengthening","This information is for educational purposes only and is not a substitute for professional medical advice, diagnosis, or treatment. Always consult a qualified physician, physiotherapist, or healthcare provider before starting any exercise, rehabilitation program, or if you experience pain, injury, or medical conditions. Do not ignore professional medical advice or delay seeking it because of this content.","Posture correction, gentle ROM, isometrics","Deep neck flexor strengthening, mobility drills","Postural endurance, upper-back strengthening",Return to heavy lifts with neutral neck positioning
Whiplash-like Strain,Neck,"Overuse, poor technique, excessive load during neck training","Pain, stiffness, swelling, reduced strength or mobility","Proper warm-up, correct form, gradual progression, adequate recovery","Isometrics, controlled mobility, light resistance strengthening","This information is for educational purposes only and is not a substitute for professional medical advice, diagnosis, or treatment. Always consult a qualified physician, physiotherapist, or healthcare provider before starting any exercise, rehabilitation program, or if you experience pain, injury, or medical conditions. Do not ignore professional medical advice or delay seeking it because of this content.","Posture correction, gentle ROM, isometrics","Deep neck flexor strengthening, mobility drills","Postural endurance, upper-back strengthening",Return to heavy lifts with neutral neck positioning
Neck Tightness,Neck,"Overuse, poor technique, excessive load during neck training","Pain, stiffness, swelling, reduced strength or mobility","Proper warm-up, correct form, gradual progression, adequate recovery","Isometrics, controlled mobility, light resistance strengthening","This information is for educational purposes only and is not a substitute for professional medical advice, diagnosis, or treatment. Always consult a qualified physician, physiotherapist, or healthcare provider before starting any exercise, rehabilitation program, or if you experience pain, injury, or medical conditions. Do not ignore professional medical advice or delay seeking it because of this content.","Posture correction, gentle ROM, isometrics","Deep neck flexor strengthening, mobility drills","Postural endurance, upper-back strengthening",Return to heavy lifts with neutral neck positioning
Pectoral Strain,Chest,"Overuse, poor technique, excessive load during chest training","Pain, stiffness, swelling, reduced strength or mobility","Proper warm-up, correct form, gradual progression, adequate recovery","Isometrics, controlled mobility, light resistance strengthening","This information is for educational purposes only and is not a substitute for professional medical advice, diagnosis, or treatment. Always consult a qualified physician, physiotherapist, or healthcare provider before starting any exercise, rehabilitation program, or if you experience pain, injury, or medical conditions. Do not ignore professional medical advice or delay seeking it because of this content.","Rest from pressing, pain-free ROM","Light stretching, isometric pressing","Progressive push-ups, controlled bench variations",Return to heavy pressing with gradual load increase
Pectoral Tear,Chest,"Overuse, poor technique, excessive load during chest training","Pain, stiffness, swelling, reduced strength or mobility","Proper warm-up, correct form, gradual progression, adequate recovery","Isometrics, controlled mobility, light resistance strengthening","This information is for educational purposes only and is not a substitute for professional medical advice, diagnosis, or treatment. Always consult a qualified physician, physiotherapist, or healthcare provider before starting any exercise, rehabilitation program, or if you experience pain, injury, or medical conditions. Do not ignore professional medical advice or delay seeking it because of this content.","Rest from pressing, pain-free ROM","Light stretching, isometric pressing","Progressive push-ups, controlled bench variations",Return to heavy pressing with gradual load increase
Costochondritis,Chest,"Overuse, poor technique, excessive load during chest training","Pain, stiffness, swelling, reduced strength or mobility","Proper warm-up, correct form, gradual progression, adequate recovery","Isometrics, controlled mobility, light resistance strengthening","This information is for educational purposes only and is not a substitute for professional medical advice, diagnosis, or treatment. Always consult a qualified physician, physiotherapist, or healthcare provider before starting any exercise, rehabilitation program, or if you experience pain, injury, or medical conditions. Do not ignore professional medical advice or delay seeking it because of this content.","Rest from pressing, pain-free ROM","Light stretching, isometric pressing","Progressive push-ups, controlled bench variations",Return to heavy pressing with gradual load increase
Intercostal Strain,Chest,"Overuse, poor technique, excessive load during chest training","Pain, stiffness, swelling, reduced strength or mobility","Proper warm-up, correct form, gradual progression, adequate recovery","Isometrics, controlled mobility, light resistance strengthening","This information is for educational purposes only and is not a substitute for professional medical advice, diagnosis, or treatment. Always consult a qualified physician, physiotherapist, or healthcare provider before starting any exercise, rehabilitation program, or if you experience pain, injury, or medical conditions. Do not ignore professional medical advice or delay seeking it because of this content.","Rest from pressing, pain-free ROM","Light stretching, isometric pressing","Progressive push-ups, controlled bench variations",Return to heavy pressing with gradual load increase
Chest Tightness,Chest,"Overuse, poor technique, excessive load during chest training","Pain, stiffness, swelling, reduced strength or mobility","Proper warm-up, correct form, gradual progression, adequate recovery","Isometrics, controlled mobility, light resistance strengthening","This information is for educational purposes only and is not a substitute for professional medical advice, diagnosis, or treatment. Always consult a qualified physician, physiotherapist, or healthcare provider before starting any exercise, rehabilitation program, or if you experience pain, injury, or medical conditions. Do not ignore professional medical advice or delay seeking it because of this content.","Rest from pressing, pain-free ROM","Light stretching, isometric pressing","Progressive push-ups, controlled bench variations",Return to heavy pressing with gradual load increase
Sternal Pain,Chest,"Overuse, poor technique, excessive load during chest training","Pain, stiffness, swelling, reduced strength or mobility","Proper warm-up, correct form, gradual progression, adequate recovery","Isometrics, controlled mobility, light resistance strengthening","This information is for educational purposes only and is not a substitute for professional medical advice, diagnosis, or treatment. Always consult a qualified physician, physiotherapist, or healthcare provider before starting any exercise, rehabilitation program, or if you experience pain, injury, or medical conditions. Do not ignore professional medical advice or delay seeking it because of this content.","Rest from pressing, pain-free ROM","Light stretching, isometric pressing","Progressive push-ups, controlled bench variations",Return to heavy pressing with gradual load increase
Rib Muscle Strain,Chest,"Overuse, poor technique, excessive load during chest training","Pain, stiffness, swelling, reduced strength or mobility","Proper warm-up, correct form, gradual progression, adequate recovery","Isometrics, controlled mobility, light resistance strengthening","This information is for educational purposes only and is not a substitute for professional medical advice, diagnosis, or treatment. Always consult a qualified physician, physiotherapist, or healthcare provider before starting any exercise, rehabilitation program, or if you experience pain, injury, or medical conditions. Do not ignore professional medical advice or delay seeking it because of this content.","Rest from pressing, pain-free ROM","Light stretching, isometric pressing","Progressive push-ups, controlled bench variations",Return to heavy pressing with gradual load increase
Anterior Chest Strain,Chest,"Overuse, poor technique, excessive load during chest training","Pain, stiffness, swelling, reduced strength or mobility","Proper warm-up, correct form, gradual progression, adequate recovery","Isometrics, controlled mobility, light resistance strengthening","This information is for educational purposes only and is not a substitute for professional medical advice, diagnosis, or treatment. Always consult a qualified physician, physiotherapist, or healthcare provider before starting any exercise, rehabilitation program, or if you experience pain, injury, or medical conditions. Do not ignore professional medical advice or delay seeking it because of this content.","Rest from pressing, pain-free ROM","Light stretching, isometric pressing","Progressive push-ups, controlled bench variations",Return to heavy pressing with gradual load increase
Overstretch Injury,Chest,"Overuse, poor technique, excessive load during chest training","Pain, stiffness, swelling, reduced strength or mobility","Proper warm-up, correct form, gradual progression, adequate recovery","Isometrics, controlled mobility, light resistance strengthening","This information is for educational purposes only and is not a substitute for professional medical advice, diagnosis, or treatment. Always consult a qualified physician, physiotherapist, or healthcare provider before starting any exercise, rehabilitation program, or if you experience pain, injury, or medical conditions. Do not ignore professional medical advice or delay seeking it because of this content.","Rest from pressing, pain-free ROM","Light stretching, isometric pressing","Progressive push-ups, controlled bench variations",Return to heavy pressing with gradual load increase
Breathing-Related Chest Pain,Chest,"Overuse, poor technique, excessive load during chest training","Pain, stiffness, swelling, reduced strength or mobility","Proper warm-up, correct form, gradual progression, adequate recovery","Isometrics, controlled mobility, light resistance strengthening","This information is for educational purposes only and is not a substitute for professional medical advice, diagnosis, or treatment. Always consult a qualified physician, physiotherapist, or healthcare provider before starting any exercise, rehabilitation program, or if you experience pain, injury, or medical conditions. Do not ignore professional medical advice or delay seeking it because of this content.","Rest from pressing, pain-free ROM","Light stretching, isometric pressing","Progressive push-ups, controlled bench variations",Return to heavy pressing with gradual load increase
