Supplement Name,Primary Goal,Category,Typical Dosage,Best Time to Take,Diet Type,Indian Availability,Stack Combinations,Medical Disclaimer
Whey Protein,Muscle Gain,Muscle Gain,"Protein 20–40 g, Creatine 3–5 g, EAAs 5–10 g",Post-workout or between meals,Veg / Non-Veg / Vegan (varies by source),Widely available in India (online & stores),Whey Protein + Creatine + EAAs,"This information is for educational purposes only and does not constitute medical advice. Supplements are not intended to diagnose, treat, cure, or prevent any disease. Always consult a qualified physician or registered dietitian before using supplements, especially if you have medical conditions, are pregnant, or are taking medications."
Casein Protein,Muscle Gain,Muscle Gain,"Protein 20–40 g, Creatine 3–5 g, EAAs 5–10 g",Post-workout or between meals,Veg / Non-Veg / Vegan (varies by source),Widely available in India (online & stores),Whey Protein + Creatine + EAAs,"This information is for educational purposes only and does not constitute medical advice. Supplements are not intended to diagnose, treat, cure, or prevent any disease. Always consult a qualified physician or registered dietitian before using supplements, especially if you have medical conditions, are pregnant, or are taking medications."
Plant Protein,Muscle Gain,Muscle Gain,"Protein 20–40 g, Creatine 3–5 g, EAAs 5–10 g",Post-workout or between meals,Veg / Non-Veg / Vegan (varies by source),Widely available in India (online & stores),Whey Protein + Creatine + EAAs,"This information is for educational purposes only and does not constitute medical advice. Supplements are not intended to diagnose, treat, cure, or prevent any disease. Always consult a qualified physician or registered dietitian before using supplements, especially if you have medical conditions, are pregnant, or are taking medications."
Mass Gainer,Muscle Gain,Muscle Gain,"Protein 20–40 g, Creatine 3–5 g, EAAs 5–10 g",Post-workout or between meals,Veg / Non-Veg / Vegan (varies by source),Widely available in India (online & stores),Whey Protein + Creatine + EAAs,"This information is for educational purposes only and does not constitute medical advice. Supplements are not intended to diagnose, treat, cure, or prevent any disease. Always consult a qualified physician or registered dietitian before using supplements, especially if you have medical conditions, are pregnant, or are taking medications."
Creatine Monohydrate,Muscle Gain,Muscle Gain,"Protein 20–40 g, Creatine 3–5 g, EAAs 5–10 g",Post-workout or between meals,Veg / Non-Veg / Vegan (varies by source),Widely available in India (online & stores),Whey Protein + Creatine + EAAs,"This information is for educational purposes only and does not constitute medical advice. Supplements are not intended to diagnose, treat, cure, or prevent any disease. Always consult a qualified physician or registered dietitian before using supplements, especially if you have medical conditions, are pregnant, or are taking medications."
Creatine HCL,Muscle Gain,Muscle Gain,"Protein 20–40 g, Creatine 3–5 g, EAAs 5–10 g",Post-workout or between meals,Veg / Non-Veg / Vegan (varies by source),Widely available in India (online & stores),Whey Protein + Creatine + EAAs,"This information is for educational purposes only and does not constitute medical advice. Supplements are not intended to diagnose, treat, cure, or prevent any disease. Always consult a qualified physician or registered dietitian before using supplements, especially if you have medical conditions, are pregnant, or are taking medications."
HMB,Muscle Gain,Muscle Gain,"Protein 20–40 g, Creatine 3–5 g, EAAs 5–10 g",Post-workout or between meals,Veg / Non-Veg / Vegan (varies by source),Widely available in India (online & stores),Whey Protein + Creatine + EAAs,"This information is for educational purposes only and does not constitute medical advice. Supplements are not intended to diagnose, treat, cure, or prevent any disease. Always consult a qualified physician or registered dietitian before using supplements, especially if you have medical conditions, are pregnant, or are taking medications."
Leucine,Muscle Gain,Muscle Gain,"Protein 20–40 g, Creatine 3–5 g, EAAs 5–10 g",Post-workout or between meals,Veg / Non-Veg / Vegan (varies by source),Widely available in India (online & stores),Whey Protein + Creatine + EAAs,"This information is for educational purposes only and does not constitute medical advice. Supplements are not intended to diagnose, treat, cure, or prevent any disease. Always consult a qualified physician or registered dietitian before using supplements, especially if you have medical conditions, are pregnant, or are taking medications."
EAA,Muscle Gain,Muscle Gain,"Protein 20–40 g, Creatine 3–5 g, EAAs 5–10 g",Post-workout or between meals,Veg / Non-Veg / Vegan (varies by source),Widely available in India (online & stores),Whey Protein + Creatine + EAAs,"This information is for educational purposes only and does not constitute medical advice. Supplements are not intended to diagnose, treat, cure, or prevent any disease. Always consult a qualified physician or registered dietitian before using supplements, especially if you have medical conditions, are pregnant, or are taking medications."
BCAA,Muscle Gain,Muscle Gain,"Protein 20–40 g, Creatine 3–5 g, EAAs 5–10 g",Post-workout or between meals,Veg / Non-Veg / Vegan (varies by source),Widely available in India (online & stores),Whey Protein + Creatine + EAAs,"This information is for educational purposes only and does not constitute medical advice. Supplements are not intended to diagnose, treat, cure, or prevent any disease. Always consult a qualified physician or registered dietitian before using supplements, especially if you have medical conditions, are pregnant, or are taking medications."
Beta-Alanine,Strength & Performance,Strength & Performance,"Creatine 3–5 g, Beta-Alanine 3–6 g, Citrulline 6–8 g",30–45 minutes pre-workout,Veg / Non-Veg / Vegan (varies by source),Widely available in India (online & stores),Creatine + Citrulline + Beta-Alanine,"This information is for educational purposes only and does not constitute medical advice. Supplements are not intended to diagnose, treat, cure, or prevent any disease. Always consult a qualified physician or registered dietitian before using supplements, especially if you have medical conditions, are pregnant, or are taking medications."
Citrulline Malate,Strength & Performance,Strength & Performance,"Creatine 3–5 g, Beta-Alanine 3–6 g, Citrulline 6–8 g",30–45 minutes pre-workout,Veg / Non-Veg / Vegan (varies by source),Widely available in India (online & stores),Creatine + Citrulline + Beta-Alanine,"This information is for educational purposes only and does not constitute medical advice. Supplements are not intended to diagnose, treat, cure, or prevent any disease. Always consult a qualified physician or registered dietitian before using supplements, especially if you have medical conditions, are pregnant, or are taking medications."
Arginine,Strength & Performance,Strength & Performance,"Creatine 3–5 g, Beta-Alanine 3–6 g, Citrulline 6–8 g",30–45 minutes pre-workout,Veg / Non-Veg / Vegan (varies by source),Widely available in India (online & stores),Creatine + Citrulline + Beta-Alanine,"This information is for educational purposes only and does not constitute medical advice. Supplements are not intended to diagnose, treat, cure, or prevent any disease. Always consult a qualified physician or registered dietitian before using supplements, especially if you have medical conditions, are pregnant, or are taking medications."
Caffeine,Strength & Performance,Strength & Performance,"Creatine 3–5 g, Beta-Alanine 3–6 g, Citrulline 6–8 g",30–45 minutes pre-workout,Veg / Non-Veg / Vegan (varies by source),Widely available in India (online & stores),Creatine + Citrulline + Beta-Alanine,"This information is for educational purposes only and does not constitute medical advice. Supplements are not intended to diagnose, treat, cure, or prevent any disease. Always consult a qualified physician or registered dietitian before using supplements, especially if you have medical conditions, are pregnant, or are taking medications."
Beetroot Powder,Strength & Performance,Strength & Performance,"Creatine 3–5 g, Beta-Alanine 3–6 g, Citrulline 6–8 g",30–45 minutes pre-workout,Veg / Non-Veg / Vegan (varies by source),Widely available in India (online & stores),Creatine + Citrulline + Beta-Alanine,"This information is for educational purposes only and does not constitute medical advice. Supplements are not intended to diagnose, treat, cure, or prevent any disease. Always consult a qualified physician or registered dietitian before using supplements, especially if you have medical conditions, are pregnant, or are taking medications."
Sodium Bicarbonate,Strength & Performance,Strength & Performance,"Creatine 3–5 g, Beta-Alanine 3–6 g, Citrulline 6–8 g",30–45 minutes pre-workout,Veg / Non-Veg / Vegan (varies by source),Widely available in India (online & stores),Creatine + Citrulline + Beta-Alanine,"This information is for educational purposes only and does not constitute medical advice. Supplements are not intended to diagnose, treat, cure, or prevent any disease. Always consult a qualified physician or registered dietitian before using supplements, especially if you have medical conditions, are pregnant, or are taking medications."
Cordyceps,Strength & Performance,Strength & Performance,"Creatine 3–5 g, Beta-Alanine 3–6 g, Citrulline 6–8 g",30–45 minutes pre-workout,Veg / Non-Veg / Vegan (varies by source),Widely available in India (online & stores),Creatine + Citrulline + Beta-Alanine,"This information is for educational purposes only and does not constitute medical advice. Supplements are not intended to diagnose, treat, cure, or prevent any disease. Always consult a qualified physician or registered dietitian before using supplements, especially if you have medical conditions, are pregnant, or are taking medications."
Rhodiola Rosea,Strength & Performance,Strength & Performance,"Creatine 3–5 g, Beta-Alanine 3–6 g, Citrulline 6–8 g",30–45 minutes pre-workout,Veg / Non-Veg / Vegan (varies by source),Widely available in India (online & stores),Creatine + Citrulline + Beta-Alanine,"This information is for educational purposes only and does not constitute medical advice. Supplements are not intended to diagnose, treat, cure, or prevent any disease. Always consult a qualified physician or registered dietitian before using supplements, especially if you have medical conditions, are pregnant, or are taking medications."
Taurine,Strength & Performance,Strength & Performance,"Creatine 3–5 g, Beta-Alanine 3–6 g, Citrulline 6–8 g",30–45 minutes pre-workout,Veg / Non-Veg / Vegan (varies by source),Widely available in India (online & stores),Creatine + Citrulline + Beta-Alanine,"This information is for educational purposes only and does not constitute medical advice. Supplements are not intended to diagnose, treat, cure, or prevent any disease. Always consult a qualified physician or registered dietitian before using supplements, especially if you have medical conditions, are pregnant, or are taking medications."
Nitrosigine,Strength & Performance,Strength & Performance,"Creatine 3–5 g, Beta-Alanine 3–6 g, Citrulline 6–8 g",30–45 minutes pre-workout,Veg / Non-Veg / Vegan (varies by source),Widely available in India (online & stores),Creatine + Citrulline + Beta-Alanine,"This information is for educational purposes only and does not constitute medical advice. Supplements are not intended to diagnose, treat, cure, or prevent any disease. Always consult a qualified physician or registered dietitian before using supplements, especially if you have medical conditions, are pregnant, or are taking medications."
L-Carnitine,Fat Loss,Fat Loss,"Caffeine 100–300 mg, L-Carnitine 1–3 g",Morning or pre-cardio,Veg / Non-Veg / Vegan (varies by source),Widely available in India (online & stores),Caffeine + L-Carnitine + Green Tea Extract,"This information is for educational purposes only and does not constitute medical advice. Supplements are not intended to diagnose, treat, cure, or prevent any disease. Always consult a qualified physician or registered dietitian before using supplements, especially if you have medical conditions, are pregnant, or are taking medications."
Green Tea Extract,Fat Loss,Fat Loss,"Caffeine 100–300 mg, L-Carnitine 1–3 g",Morning or pre-cardio,Veg / Non-Veg / Vegan (varies by source),Widely available in India (online & stores),Caffeine + L-Carnitine + Green Tea Extract,"This information is for educational purposes only and does not constitute medical advice. Supplements are not intended to diagnose, treat, cure, or prevent any disease. Always consult a qualified physician or registered dietitian before using supplements, especially if you have medical conditions, are pregnant, or are taking medications."
CLA,Fat Loss,Fat Loss,"Caffeine 100–300 mg, L-Carnitine 1–3 g",Morning or pre-cardio,Veg / Non-Veg / Vegan (varies by source),Widely available in India (online & stores),Caffeine + L-Carnitine + Green Tea Extract,"This information is for educational purposes only and does not constitute medical advice. Supplements are not intended to diagnose, treat, cure, or prevent any disease. Always consult a qualified physician or registered dietitian before using supplements, especially if you have medical conditions, are pregnant, or are taking medications."
Caffeine Anhydrous,Fat Loss,Fat Loss,"Caffeine 100–300 mg, L-Carnitine 1–3 g",Morning or pre-cardio,Veg / Non-Veg / Vegan (varies by source),Widely available in India (online & stores),Caffeine + L-Carnitine + Green Tea Extract,"This information is for educational purposes only and does not constitute medical advice. Supplements are not intended to diagnose, treat, cure, or prevent any disease. Always consult a qualified physician or registered dietitian before using supplements, especially if you have medical conditions, are pregnant, or are taking medications."
Yohimbine,Fat Loss,Fat Loss,"Caffeine 100–300 mg, L-Carnitine 1–3 g",Morning or pre-cardio,Veg / Non-Veg / Vegan (varies by source),Widely available in India (online & stores),Caffeine + L-Carnitine + Green Tea Extract,"This information is for educational purposes only and does not constitute medical advice. Supplements are not intended to diagnose, treat, cure, or prevent any disease. Always consult a qualified physician or registered dietitian before using supplements, especially if you have medical conditions, are pregnant, or are taking medications."
Forskolin,Fat Loss,Fat Loss,"Caffeine 100–300 mg, L-Carnitine 1–3 g",Morning or pre-cardio,Veg / Non-Veg / Vegan (varies by source),Widely available in India (online & stores),Caffeine + L-Carnitine + Green Tea Extract,"This information is for educational purposes only and does not constitute medical advice. Supplements are not intended to diagnose, treat, cure, or prevent any disease. Always consult a qualified physician or registered dietitian before using supplements, especially if you have medical conditions, are pregnant, or are taking medications."
Garcinia Cambogia,Fat Loss,Fat Loss,"Caffeine 100–300 mg, L-Carnitine 1–3 g",Morning or pre-cardio,Veg / Non-Veg / Vegan (varies by source),Widely available in India (online & stores),Caffeine + L-Carnitine + Green Tea Extract,"This information is for educational purposes only and does not constitute medical advice. Supplements are not intended to diagnose, treat, cure, or prevent any disease. Always consult a qualified physician or registered dietitian before using supplements, especially if you have medical conditions, are pregnant, or are taking medications."
Capsaicin,Fat Loss,Fat Loss,"Caffeine 100–300 mg, L-Carnitine 1–3 g",Morning or pre-cardio,Veg / Non-Veg / Vegan (varies by source),Widely available in India (online & stores),Caffeine + L-Carnitine + Green Tea Extract,"This information is for educational purposes only and does not constitute medical advice. Supplements are not intended to diagnose, treat, cure, or prevent any disease. Always consult a qualified physician or registered dietitian before using supplements, especially if you have medical conditions, are pregnant, or are taking medications."
Green Coffee Bean,Fat Loss,Fat Loss,"Caffeine 100–300 mg, L-Carnitine 1–3 g",Morning or pre-cardio,Veg / Non-Veg / Vegan (varies by source),Widely available in India (online & stores),Caffeine + L-Carnitine + Green Tea Extract,"This information is for educational purposes only and does not constitute medical advice. Supplements are not intended to diagnose, treat, cure, or prevent any disease. Always consult a qualified physician or registered dietitian before using supplements, especially if you have medical conditions, are pregnant, or are taking medications."
Apple Cider Vinegar,Fat Loss,Fat Loss,"Caffeine 100–300 mg, L-Carnitine 1–3 g",Morning or pre-cardio,Veg / Non-Veg / Vegan (varies by source),Widely available in India (online & stores),Caffeine + L-Carnitine + Green Tea Extract,"This information is for educational purposes only and does not constitute medical advice. Supplements are not intended to diagnose, treat, cure, or prevent any disease. Always consult a qualified physician or registered dietitian before using supplements, especially if you have medical conditions, are pregnant, or are taking medications."
Glutamine,Recovery & Rehab,Recovery & Rehab,"Omega-3 1–3 g, Curcumin 500–1000 mg, Magnesium 200–400 mg",Post-workout or before sleep,Veg / Non-Veg / Vegan (varies by source),Widely available in India (online & stores),Omega-3 + Curcumin + Magnesium,"This information is for educational purposes only and does not constitute medical advice. Supplements are not intended to diagnose, treat, cure, or prevent any disease. Always consult a qualified physician or registered dietitian before using supplements, especially if you have medical conditions, are pregnant, or are taking medications."
Omega-3 Fish Oil,Recovery & Rehab,Recovery & Rehab,"Omega-3 1–3 g, Curcumin 500–1000 mg, Magnesium 200–400 mg",Post-workout or before sleep,Veg / Non-Veg / Vegan (varies by source),Widely available in India (online & stores),Omega-3 + Curcumin + Magnesium,"This information is for educational purposes only and does not constitute medical advice. Supplements are not intended to diagnose, treat, cure, or prevent any disease. Always consult a qualified physician or registered dietitian before using supplements, especially if you have medical conditions, are pregnant, or are taking medications."
Curcumin,Recovery & Rehab,Recovery & Rehab,"Omega-3 1–3 g, Curcumin 500–1000 mg, Magnesium 200–400 mg",Post-workout or before sleep,Veg / Non-Veg / Vegan (varies by source),Widely available in India (online & stores),Omega-3 + Curcumin + Magnesium,"This information is for educational purposes only and does not constitute medical advice. Supplements are not intended to diagnose, treat, cure, or prevent any disease. Always consult a qualified physician or registered dietitian before using supplements, especially if you have medical conditions, are pregnant, or are taking medications."
Collagen Peptides,Recovery & Rehab,Recovery & Rehab,"Omega-3 1–3 g, Curcumin 500–1000 mg, Magnesium 200–400 mg",Post-workout or before sleep,Veg / Non-Veg / Vegan (varies by source),Widely available in India (online & stores),Omega-3 + Curcumin + Magnesium,"This information is for educational purposes only and does not constitute medical advice. Supplements are not intended to diagnose, treat, cure, or prevent any disease. Always consult a qualified physician or registered dietitian before using supplements, especially if you have medical conditions, are pregnant, or are taking medications."
MSM,Recovery & Rehab,Recovery & Rehab,"Omega-3 1–3 g, Curcumin 500–1000 mg, Magnesium 200–400 mg",Post-workout or before sleep,Veg / Non-Veg / Vegan (varies by source),Widely available in India (online & stores),Omega-3 + Curcumin + Magnesium,"This information is for educational purposes only and does not constitute medical advice. Supplements are not intended to diagnose, treat, cure, or prevent any disease. Always consult a qualified physician or registered dietitian before using supplements, especially if you have medical conditions, are pregnant, or are taking medications."
Boswellia,Recovery & Rehab,Recovery & Rehab,"Omega-3 1–3 g, Curcumin 500–1000 mg, Magnesium 200–400 mg",Post-workout or before sleep,Veg / Non-Veg / Vegan (varies by source),Widely available in India (online & stores),Omega-3 + Curcumin + Magnesium,"This information is for educational purposes only and does not constitute medical advice. Supplements are not intended to diagnose, treat, cure, or prevent any disease. Always consult a qualified physician or registered dietitian before using supplements, especially if you have medical conditions, are pregnant, or are taking medications."
Magnesium Glycinate,Recovery & Rehab,Recovery & Rehab,"Omega-3 1–3 g, Curcumin 500–1000 mg, Magnesium 200–400 mg",Post-workout or before sleep,Veg / Non-Veg / Vegan (varies by source),Widely available in India (online & stores),Omega-3 + Curcumin + Magnesium,"This information is for educational purposes only and does not constitute medical advice. Supplements are not intended to diagnose, treat, cure, or prevent any disease. Always consult a qualified physician or registered dietitian before using supplements, especially if you have medical conditions, are pregnant, or are taking medications."
Tart Cherry Extract,Recovery & Rehab,Recovery & Rehab,"Omega-3 1–3 g, Curcumin 500–1000 mg, Magnesium 200–400 mg",Post-workout or before sleep,Veg / Non-Veg / Vegan (varies by source),Widely available in India (online & stores),Omega-3 + Curcumin + Magnesium,"This information is for educational purposes only and does not constitute medical advice. Supplements are not intended to diagnose, treat, cure, or prevent any disease. Always consult a qualified physician or registered dietitian before using supplements, especially if you have medical conditions, are pregnant, or are taking medications."
Bromelain,Recovery & Rehab,Recovery & Rehab,"Omega-3 1–3 g, Curcumin 500–1000 mg, Magnesium 200–400 mg",Post-workout or before sleep,Veg / Non-Veg / Vegan (varies by source),Widely available in India (online & stores),Omega-3 + Curcumin + Magnesium,"This information is for educational purposes only and does not constitute medical advice. Supplements are not intended to diagnose, treat, cure, or prevent any disease. Always consult a qualified physician or registered dietitian before using supplements, especially if you have medical conditions, are pregnant, or are taking medications."
Ashwagandha,Recovery & Rehab,Recovery & Rehab,"Omega-3 1–3 g, Curcumin 500–1000 mg, Magnesium 200–400 mg",Post-workout or before sleep,Veg / Non-Veg / Vegan (varies by source),Widely available in India (online & stores),Omega-3 + Curcumin + Magnesium,"This information is for educational purposes only and does not constitute medical advice. Supplements are not intended to diagnose, treat, cure, or prevent any disease. Always consult a qualified physician or registered dietitian before using supplements, especially if you have medical conditions, are pregnant, or are taking medications."
Glucosamine,Joint & Bone Health,Joint & Bone Health,"Glucosamine 1500 mg, Vitamin D3 2000–4000 IU",With meals (morning or evening),Veg / Non-Veg / Vegan (varies by source),Widely available in India (online & stores),Glucosamine + Chondroitin + Vitamin D3,"This information is for educational purposes only and does not constitute medical advice. Supplements are not intended to diagnose, treat, cure, or prevent any disease. Always consult a qualified physician or registered dietitian before using supplements, especially if you have medical conditions, are pregnant, or are taking medications."
Chondroitin,Joint & Bone Health,Joint & Bone Health,"Glucosamine 1500 mg, Vitamin D3 2000–4000 IU",With meals (morning or evening),Veg / Non-Veg / Vegan (varies by source),Widely available in India (online & stores),Glucosamine + Chondroitin + Vitamin D3,"This information is for educational purposes only and does not constitute medical advice. Supplements are not intended to diagnose, treat, cure, or prevent any disease. Always consult a qualified physician or registered dietitian before using supplements, especially if you have medical conditions, are pregnant, or are taking medications."
Calcium Citrate,Joint & Bone Health,Joint & Bone Health,"Glucosamine 1500 mg, Vitamin D3 2000–4000 IU",With meals (morning or evening),Veg / Non-Veg / Vegan (varies by source),Widely available in India (online & stores),Glucosamine + Chondroitin + Vitamin D3,"This information is for educational purposes only and does not constitute medical advice. Supplements are not intended to diagnose, treat, cure, or prevent any disease. Always consult a qualified physician or registered dietitian before using supplements, especially if you have medical conditions, are pregnant, or are taking medications."
Vitamin D3,Joint & Bone Health,Joint & Bone Health,"Glucosamine 1500 mg, Vitamin D3 2000–4000 IU",With meals (morning or evening),Veg / Non-Veg / Vegan (varies by source),Widely available in India (online & stores),Glucosamine + Chondroitin + Vitamin D3,"This information is for educational purposes only and does not constitute medical advice. Supplements are not intended to diagnose, treat, cure, or prevent any disease. Always consult a qualified physician or registered dietitian before using supplements, especially if you have medical conditions, are pregnant, or are taking medications."
Vitamin K2,Joint & Bone Health,Joint & Bone Health,"Glucosamine 1500 mg, Vitamin D3 2000–4000 IU",With meals (morning or evening),Veg / Non-Veg / Vegan (varies by source),Widely available in India (online & stores),Glucosamine + Chondroitin + Vitamin D3,"This information is for educational purposes only and does not constitute medical advice. Supplements are not intended to diagnose, treat, cure, or prevent any disease. Always consult a qualified physician or registered dietitian before using supplements, especially if you have medical conditions, are pregnant, or are taking medications."
Hyaluronic Acid,Joint & Bone Health,Joint & Bone Health,"Glucosamine 1500 mg, Vitamin D3 2000–4000 IU",With meals (morning or evening),Veg / Non-Veg / Vegan (varies by source),Widely available in India (online & stores),Glucosamine + Chondroitin + Vitamin D3,"This information is for educational purposes only and does not constitute medical advice. Supplements are not intended to diagnose, treat, cure, or prevent any disease. Always consult a qualified physician or registered dietitian before using supplements, especially if you have medical conditions, are pregnant, or are taking medications."
Silica,Joint & Bone Health,Joint & Bone Health,"Glucosamine 1500 mg, Vitamin D3 2000–4000 IU",With meals (morning or evening),Veg / Non-Veg / Vegan (varies by source),Widely available in India (online & stores),Glucosamine + Chondroitin + Vitamin D3,"This information is for educational purposes only and does not constitute medical advice. Supplements are not intended to diagnose, treat, cure, or prevent any disease. Always consult a qualified physician or registered dietitian before using supplements, especially if you have medical conditions, are pregnant, or are taking medications."
Eggshell Membrane,Joint & Bone Health,Joint & Bone Health,"Glucosamine 1500 mg, Vitamin D3 2000–4000 IU",With meals (morning or evening),Veg / Non-Veg / Vegan (varies by source),Widely available in India (online & stores),Glucosamine + Chondroitin + Vitamin D3,"This information is for educational purposes only and does not constitute medical advice. Supplements are not intended to diagnose, treat, cure, or prevent any disease. Always consult a qualified physician or registered dietitian before using supplements, especially if you have medical conditions, are pregnant, or are taking medications."
Strontium,Joint & Bone Health,Joint & Bone Health,"Glucosamine 1500 mg, Vitamin D3 2000–4000 IU",With meals (morning or evening),Veg / Non-Veg / Vegan (varies by source),Widely available in India (online & stores),Glucosamine + Chondroitin + Vitamin D3,"This information is for educational purposes only and does not constitute medical advice. Supplements are not intended to diagnose, treat, cure, or prevent any disease. Always consult a qualified physician or registered dietitian before using supplements, especially if you have medical conditions, are pregnant, or are taking medications."
Boron,Joint & Bone Health,Joint & Bone Health,"Glucosamine 1500 mg, Vitamin D3 2000–4000 IU",With meals (morning or evening),Veg / Non-Veg / Vegan (varies by source),Widely available in India (online & stores),Glucosamine + Chondroitin + Vitamin D3,"This information is for educational purposes only and does not constitute medical advice. Supplements are not intended to diagnose, treat, cure, or prevent any disease. Always consult a qualified physician or registered dietitian before using supplements, especially if you have medical conditions, are pregnant, or are taking medications."
Zinc,Hormonal & Wellness,Hormonal & Wellness,"Ashwagandha 300–600 mg, Zinc 15–30 mg",Morning or evening depending on supplement,Veg / Non-Veg / Vegan (varies by source),Widely available in India (online & stores),Ashwagandha + Zinc + Vitamin D3,"This information is for educational purposes only and does not constitute medical advice. Supplements are not intended to diagnose, treat, cure, or prevent any disease. Always consult a qualified physician or registered dietitian before using supplements, especially if you have medical conditions, are pregnant, or are taking medications."
Maca Root,Hormonal & Wellness,Hormonal & Wellness,"Ashwagandha 300–600 mg, Zinc 15–30 mg",Morning or evening depending on supplement,Veg / Non-Veg / Vegan (varies by source),Widely available in India (online & stores),Ashwagandha + Zinc + Vitamin D3,"This information is for educational purposes only and does not constitute medical advice. Supplements are not intended to diagnose, treat, cure, or prevent any disease. Always consult a qualified physician or registered dietitian before using supplements, especially if you have medical conditions, are pregnant, or are taking medications."
Shilajit,Hormonal & Wellness,Hormonal & Wellness,"Ashwagandha 300–600 mg, Zinc 15–30 mg",Morning or evening depending on supplement,Veg / Non-Veg / Vegan (varies by source),Widely available in India (online & stores),Ashwagandha + Zinc + Vitamin D3,"This information is for educational purposes only and does not constitute medical advice. Supplements are not intended to diagnose, treat, cure, or prevent any disease. Always consult a qualified physician or registered dietitian before using supplements, especially if you have medical conditions, are pregnant, or are taking medications."
Fenugreek,Hormonal & Wellness,Hormonal & Wellness,"Ashwagandha 300–600 mg, Zinc 15–30 mg",Morning or evening depending on supplement,Veg / Non-Veg / Vegan (varies by source),Widely available in India (online & stores),Ashwagandha + Zinc + Vitamin D3,"This information is for educational purposes only and does not constitute medical advice. Supplements are not intended to diagnose, treat, cure, or prevent any disease. Always consult a qualified physician or registered dietitian before using supplements, especially if you have medical conditions, are pregnant, or are taking medications."
Tribulus Terrestris,Hormonal & Wellness,Hormonal & Wellness,"Ashwagandha 300–600 mg, Zinc 15–30 mg",Morning or evening depending on supplement,Veg / Non-Veg / Vegan (varies by source),Widely available in India (online & stores),Ashwagandha + Zinc + Vitamin D3,"This information is for educational purposes only and does not constitute medical advice. Supplements are not intended to diagnose, treat, cure, or prevent any disease. Always consult a qualified physician or registered dietitian before using supplements, especially if you have medical conditions, are pregnant, or are taking medications."
Tongkat Ali,Hormonal & Wellness,Hormonal & Wellness,"Ashwagandha 300–600 mg, Zinc 15–30 mg",Morning or evening depending on supplement,Veg / Non-Veg / Vegan (varies by source),Widely available in India (online & stores),Ashwagandha + Zinc + Vitamin D3,"This information is for educational purposes only and does not constitute medical advice. Supplements are not intended to diagnose, treat, cure, or prevent any disease. Always consult a qualified physician or registered dietitian before using supplements, especially if you have medical conditions, are pregnant, or are taking medications."
Ginseng,Hormonal & Wellness,Hormonal & Wellness,"Ashwagandha 300–600 mg, Zinc 15–30 mg",Morning or evening depending on supplement,Veg / Non-Veg / Vegan (varies by source),Widely available in India (online & stores),Ashwagandha + Zinc + Vitamin D3,"This information is for educational purposes only and does not constitute medical advice. Supplements are not intended to diagnose, treat, cure, or prevent any disease. Always consult a qualified physician or registered dietitian before using supplements, especially if you have medical conditions, are pregnant, or are taking medications."
Safed Musli,Hormonal & Wellness,Hormonal & Wellness,"Ashwagandha 300–600 mg, Zinc 15–30 mg",Morning or evening depending on supplement,Veg / Non-Veg / Vegan (varies by source),Widely available in India (online & stores),Ashwagandha + Zinc + Vitamin D3,"This information is for educational purposes only and does not constitute medical advice. Supplements are not intended to diagnose, treat, cure, or prevent any disease. Always consult a qualified physician or registered dietitian before using supplements, especially if you have medical conditions, are pregnant, or are taking medications."
DIM,Hormonal & Wellness,Hormonal & Wellness,"Ashwagandha 300–600 mg, Zinc 15–30 mg",Morning or evening depending on supplement,Veg / Non-Veg / Vegan (varies by source),Widely available in India (online & stores),Ashwagandha + Zinc + Vitamin D3,"This information is for educational purposes only and does not constitute medical advice. Supplements are not intended to diagnose, treat, cure, or prevent any disease. Always consult a qualified physician or registered dietitian before using supplements, especially if you have medical conditions, are pregnant, or are taking medications."
D-Aspartic Acid,Hormonal & Wellness,Hormonal & Wellness,"Ashwagandha 300–600 mg, Zinc 15–30 mg",Morning or evening depending on supplement,Veg / Non-Veg / Vegan (varies by source),Widely available in India (online & stores),Ashwagandha + Zinc + Vitamin D3,"This information is for educational purposes only and does not constitute medical advice. Supplements are not intended to diagnose, treat, cure, or prevent any disease. Always consult a qualified physician or registered dietitian before using supplements, especially if you have medical conditions, are pregnant, or are taking medications."
Probiotics,Gut & Digestion,Gut & Digestion,"Probiotics 10–50 billion CFU, Psyllium 5–10 g",Before meals or as directed,Veg / Non-Veg / Vegan (varies by source),Widely available in India (online & stores),Probiotics + Digestive Enzymes + Psyllium,"This information is for educational purposes only and does not constitute medical advice. Supplements are not intended to diagnose, treat, cure, or prevent any disease. Always consult a qualified physician or registered dietitian before using supplements, especially if you have medical conditions, are pregnant, or are taking medications."
Prebiotics,Gut & Digestion,Gut & Digestion,"Probiotics 10–50 billion CFU, Psyllium 5–10 g",Before meals or as directed,Veg / Non-Veg / Vegan (varies by source),Widely available in India (online & stores),Probiotics + Digestive Enzymes + Psyllium,"This information is for educational purposes only and does not constitute medical advice. Supplements are not intended to diagnose, treat, cure, or prevent any disease. Always consult a qualified physician or registered dietitian before using supplements, especially if you have medical conditions, are pregnant, or are taking medications."
Digestive Enzymes,Gut & Digestion,Gut & Digestion,"Probiotics 10–50 billion CFU, Psyllium 5–10 g",Before meals or as directed,Veg / Non-Veg / Vegan (varies by source),Widely available in India (online & stores),Probiotics + Digestive Enzymes + Psyllium,"This information is for educational purposes only and does not constitute medical advice. Supplements are not intended to diagnose, treat, cure, or prevent any disease. Always consult a qualified physician or registered dietitian before using supplements, especially if you have medical conditions, are pregnant, or are taking medications."
Psyllium Husk,Gut & Digestion,Gut & Digestion,"Probiotics 10–50 billion CFU, Psyllium 5–10 g",Before meals or as directed,Veg / Non-Veg / Vegan (varies by source),Widely available in India (online & stores),Probiotics + Digestive Enzymes + Psyllium,"This information is for educational purposes only and does not constitute medical advice. Supplements are not intended to diagnose, treat, cure, or prevent any disease. Always consult a qualified physician or registered dietitian before using supplements, especially if you have medical conditions, are pregnant, or are taking medications."
L-Glutamine (Gut),Gut & Digestion,Gut & Digestion,"Probiotics 10–50 billion CFU, Psyllium 5–10 g",Before meals or as directed,Veg / Non-Veg / Vegan (varies by source),Widely available in India (online & stores),Probiotics + Digestive Enzymes + Psyllium,"This information is for educational purposes only and does not constitute medical advice. Supplements are not intended to diagnose, treat, cure, or prevent any disease. Always consult a qualified physician or registered dietitian before using supplements, especially if you have medical conditions, are pregnant, or are taking medications."
Apple Pectin,Gut & Digestion,Gut & Digestion,"Probiotics 10–50 billion CFU, Psyllium 5–10 g",Before meals or as directed,Veg / Non-Veg / Vegan (varies by source),Widely available in India (online & stores),Probiotics + Digestive Enzymes + Psyllium,"This information is for educational purposes only and does not constitute medical advice. Supplements are not intended to diagnose, treat, cure, or prevent any disease. Always consult a qualified physician or registered dietitian before using supplements, especially if you have medical conditions, are pregnant, or are taking medications."
Slippery Elm,Gut & Digestion,Gut & Digestion,"Probiotics 10–50 billion CFU, Psyllium 5–10 g",Before meals or as directed,Veg / Non-Veg / Vegan (varies by source),Widely available in India (online & stores),Probiotics + Digestive Enzymes + Psyllium,"This information is for educational purposes only and does not constitute medical advice. Supplements are not intended to diagnose, treat, cure, or prevent any disease. Always consult a qualified physician or registered dietitian before using supplements, especially if you have medical conditions, are pregnant, or are taking medications."
Aloe Vera Extract,Gut & Digestion,Gut & Digestion,"Probiotics 10–50 billion CFU, Psyllium 5–10 g",Before meals or as directed,Veg / Non-Veg / Vegan (varies by source),Widely available in India (online & stores),Probiotics + Digestive Enzymes + Psyllium,"This information is for educational purposes only and does not constitute medical advice. Supplements are not intended to diagnose, treat, cure, or prevent any disease. Always consult a qualified physician or registered dietitian before using supplements, especially if you have medical conditions, are pregnant, or are taking medications."
Ginger Extract,Gut & Digestion,Gut & Digestion,"Probiotics 10–50 billion CFU, Psyllium 5–10 g",Before meals or as directed,Veg / Non-Veg / Vegan (varies by source),Widely available in India (online & stores),Probiotics + Digestive Enzymes + Psyllium,"This information is for educational purposes only and does not constitute medical advice. Supplements are not intended to diagnose, treat, cure, or prevent any disease. Always consult a qualified physician or registered dietitian before using supplements, especially if you have medical conditions, are pregnant, or are taking medications."
Peppermint Oil,Gut & Digestion,Gut & Digestion,"Probiotics 10–50 billion CFU, Psyllium 5–10 g",Before meals or as directed,Veg / Non-Veg / Vegan (varies by source),Widely available in India (online & stores),Probiotics + Digestive Enzymes + Psyllium,"This information is for educational purposes only and does not constitute medical advice. Supplements are not intended to diagnose, treat, cure, or prevent any disease. Always consult a qualified physician or registered dietitian before using supplements, especially if you have medical conditions, are pregnant, or are taking medications."
Electrolytes,Hydration & Micronutrients,Hydration & Micronutrients,"Electrolytes as per label, Magnesium 200–400 mg",During training or with meals,Veg / Non-Veg / Vegan (varies by source),Widely available in India (online & stores),Electrolytes + Magnesium,"This information is for educational purposes only and does not constitute medical advice. Supplements are not intended to diagnose, treat, cure, or prevent any disease. Always consult a qualified physician or registered dietitian before using supplements, especially if you have medical conditions, are pregnant, or are taking medications."
Sodium,Hydration & Micronutrients,Hydration & Micronutrients,"Electrolytes as per label, Magnesium 200–400 mg",During training or with meals,Veg / Non-Veg / Vegan (varies by source),Widely available in India (online & stores),Electrolytes + Magnesium,"This information is for educational purposes only and does not constitute medical advice. Supplements are not intended to diagnose, treat, cure, or prevent any disease. Always consult a qualified physician or registered dietitian before using supplements, especially if you have medical conditions, are pregnant, or are taking medications."
Potassium,Hydration & Micronutrients,Hydration & Micronutrients,"Electrolytes as per label, Magnesium 200–400 mg",During training or with meals,Veg / Non-Veg / Vegan (varies by source),Widely available in India (online & stores),Electrolytes + Magnesium,"This information is for educational purposes only and does not constitute medical advice. Supplements are not intended to diagnose, treat, cure, or prevent any disease. Always consult a qualified physician or registered dietitian before using supplements, especially if you have medical conditions, are pregnant, or are taking medications."
Magnesium Citrate,Hydration & Micronutrients,Hydration & Micronutrients,"Electrolytes as per label, Magnesium 200–400 mg",During training or with meals,Veg / Non-Veg / Vegan (varies by source),Widely available in India (online & stores),Electrolytes + Magnesium,"This information is for educational purposes only and does not constitute medical advice. Supplements are not intended to diagnose, treat, cure, or prevent any disease. Always consult a qualified physician or registered dietitian before using supplements, especially if you have medical conditions, are pregnant, or are taking medications."
Iron,Hydration & Micronutrients,Hydration & Micronutrients,"Electrolytes as per label, Magnesium 200–400 mg",During training or with meals,Veg / Non-Veg / Vegan (varies by source),Widely available in India (online & stores),Electrolytes + Magnesium,"This information is for educational purposes only and does not constitute medical advice. Supplements are not intended to diagnose, treat, cure, or prevent any disease. Always consult a qualified physician or registered dietitian before using supplements, especially if you have medical conditions, are pregnant, or are taking medications."
Iodine,Hydration & Micronutrients,Hydration & Micronutrients,"Electrolytes as per label, Magnesium 200–400 mg",During training or with meals,Veg / Non-Veg / Vegan (varies by source),Widely available in India (online & stores),Electrolytes + Magnesium,"This information is for educational purposes only and does not constitute medical advice. Supplements are not intended to diagnose, treat, cure, or prevent any disease. Always consult a qualified physician or registered dietitian before using supplements, especially if you have medical conditions, are pregnant, or are taking medications."
Selenium,Hydration & Micronutrients,Hydration & Micronutrients,"Electrolytes as per label, Magnesium 200–400 mg",During training or with meals,Veg / Non-Veg / Vegan (varies by source),Widely available in India (online & stores),Electrolytes + Magnesium,"This information is for educational purposes only and does not constitute medical advice. Supplements are not intended to diagnose, treat, cure, or prevent any disease. Always consult a qualified physician or registered dietitian before using supplements, especially if you have medical conditions, are pregnant, or are taking medications."
Chromium,Hydration & Micronutrients,Hydration & Micronutrients,"Electrolytes as per label, Magnesium 200–400 mg",During training or with meals,Veg / Non-Veg / Vegan (varies by source),Widely available in India (online & stores),Electrolytes + Magnesium,"This information is for educational purposes only and does not constitute medical advice. Supplements are not intended to diagnose, treat, cure, or prevent any disease. Always consult a qualified physician or registered dietitian before using supplements, especially if you have medical conditions, are pregnant, or are taking medications."
Copper,Hydration & Micronutrients,Hydration & Micronutrients,"Electrolytes as per label, Magnesium 200–400 mg",During training or with meals,Veg / Non-Veg / Vegan (varies by source),Widely available in India (online & stores),Electrolytes + Magnesium,"This information is for educational purposes only and does not constitute medical advice. Supplements are not intended to diagnose, treat, cure, or prevent any disease. Always consult a qualified physician or registered dietitian before using supplements, especially if you have medical conditions, are pregnant, or are taking medications."
Manganese,Hydration & Micronutrients,Hydration & Micronutrients,"Electrolytes as per label, Magnesium 200–400 mg",During training or with meals,Veg / Non-Veg / Vegan (varies by source),Widely available in India (online & stores),Electrolytes + Magnesium,"This information is for educational purposes only and does not constitute medical advice. Supplements are not intended to diagnose, treat, cure, or prevent any disease. Always consult a qualified physician or registered dietitian before using supplements, especially if you have medical conditions, are pregnant, or are taking medications."
L-Tyrosine,Brain & Focus,Brain & Focus,"Caffeine 50–200 mg, L-Theanine 100–200 mg",Morning or pre-work,Veg / Non-Veg / Vegan (varies by source),Widely available in India (online & stores),Caffeine + L-Theanine + Alpha GPC,"This information is for educational purposes only and does not constitute medical advice. Supplements are not intended to diagnose, treat, cure, or prevent any disease. Always consult a qualified physician or registered dietitian before using supplements, especially if you have medical conditions, are pregnant, or are taking medications."
Alpha GPC,Brain & Focus,Brain & Focus,"Caffeine 50–200 mg, L-Theanine 100–200 mg",Morning or pre-work,Veg / Non-Veg / Vegan (varies by source),Widely available in India (online & stores),Caffeine + L-Theanine + Alpha GPC,"This information is for educational purposes only and does not constitute medical advice. Supplements are not intended to diagnose, treat, cure, or prevent any disease. Always consult a qualified physician or registered dietitian before using supplements, especially if you have medical conditions, are pregnant, or are taking medications."
Citicoline,Brain & Focus,Brain & Focus,"Caffeine 50–200 mg, L-Theanine 100–200 mg",Morning or pre-work,Veg / Non-Veg / Vegan (varies by source),Widely available in India (online & stores),Caffeine + L-Theanine + Alpha GPC,"This information is for educational purposes only and does not constitute medical advice. Supplements are not intended to diagnose, treat, cure, or prevent any disease. Always consult a qualified physician or registered dietitian before using supplements, especially if you have medical conditions, are pregnant, or are taking medications."
Bacopa Monnieri,Brain & Focus,Brain & Focus,"Caffeine 50–200 mg, L-Theanine 100–200 mg",Morning or pre-work,Veg / Non-Veg / Vegan (varies by source),Widely available in India (online & stores),Caffeine + L-Theanine + Alpha GPC,"This information is for educational purposes only and does not constitute medical advice. Supplements are not intended to diagnose, treat, cure, or prevent any disease. Always consult a qualified physician or registered dietitian before using supplements, especially if you have medical conditions, are pregnant, or are taking medications."
Lion’s Mane,Brain & Focus,Brain & Focus,"Caffeine 50–200 mg, L-Theanine 100–200 mg",Morning or pre-work,Veg / Non-Veg / Vegan (varies by source),Widely available in India (online & stores),Caffeine + L-Theanine + Alpha GPC,"This information is for educational purposes only and does not constitute medical advice. Supplements are not intended to diagnose, treat, cure, or prevent any disease. Always consult a qualified physician or registered dietitian before using supplements, especially if you have medical conditions, are pregnant, or are taking medications."
L-Theanine,Brain & Focus,Brain & Focus,"Caffeine 50–200 mg, L-Theanine 100–200 mg",Morning or pre-work,Veg / Non-Veg / Vegan (varies by source),Widely available in India (online & stores),Caffeine + L-Theanine + Alpha GPC,"This information is for educational purposes only and does not constitute medical advice. Supplements are not intended to diagnose, treat, cure, or prevent any disease. Always consult a qualified physician or registered dietitian before using supplements, especially if you have medical conditions, are pregnant, or are taking medications."
Ginkgo Biloba,Brain & Focus,Brain & Focus,"Caffeine 50–200 mg, L-Theanine 100–200 mg",Morning or pre-work,Veg / Non-Veg / Vegan (varies by source),Widely available in India (online & stores),Caffeine + L-Theanine + Alpha GPC,"This information is for educational purposes only and does not constitute medical advice. Supplements are not intended to diagnose, treat, cure, or prevent any disease. Always consult a qualified physician or registered dietitian before using supplements, especially if you have medical conditions, are pregnant, or are taking medications."
Phosphatidylserine,Brain & Focus,Brain & Focus,"Caffeine 50–200 mg, L-Theanine 100–200 mg",Morning or pre-work,Veg / Non-Veg / Vegan (varies by source),Widely available in India (online & stores),Caffeine + L-Theanine + Alpha GPC,"This information is for educational purposes only and does not constitute medical advice. Supplements are not intended to diagnose, treat, cure, or prevent any disease. Always consult a qualified physician or registered dietitian before using supplements, especially if you have medical conditions, are pregnant, or are taking medications."
DMAE,Brain & Focus,Brain & Focus,"Caffeine 50–200 mg, L-Theanine 100–200 mg",Morning or pre-work,Veg / Non-Veg / Vegan (varies by source),Widely available in India (online & stores),Caffeine + L-Theanine + Alpha GPC,"This information is for educational purposes only and does not constitute medical advice. Supplements are not intended to diagnose, treat, cure, or prevent any disease. Always consult a qualified physician or registered dietitian before using supplements, especially if you have medical conditions, are pregnant, or are taking medications."
Noopept,Brain & Focus,Brain & Focus,"Caffeine 50–200 mg, L-Theanine 100–200 mg",Morning or pre-work,Veg / Non-Veg / Vegan (varies by source),Widely available in India (online & stores),Caffeine + L-Theanine + Alpha GPC,"This information is for educational purposes only and does not constitute medical advice. Supplements are not intended to diagnose, treat, cure, or prevent any disease. Always consult a qualified physician or registered dietitian before using supplements, especially if you have medical conditions, are pregnant, or are taking medications."
Melatonin,Sleep & Stress,Sleep & Stress,"Melatonin 0.5–5 mg, Magnesium 200–400 mg",30–60 minutes before sleep,Veg / Non-Veg / Vegan (varies by source),Widely available in India (online & stores),Magnesium + Glycine + Melatonin,"This information is for educational purposes only and does not constitute medical advice. Supplements are not intended to diagnose, treat, cure, or prevent any disease. Always consult a qualified physician or registered dietitian before using supplements, especially if you have medical conditions, are pregnant, or are taking medications."
Magnesium Threonate,Sleep & Stress,Sleep & Stress,"Melatonin 0.5–5 mg, Magnesium 200–400 mg",30–60 minutes before sleep,Veg / Non-Veg / Vegan (varies by source),Widely available in India (online & stores),Magnesium + Glycine + Melatonin,"This information is for educational purposes only and does not constitute medical advice. Supplements are not intended to diagnose, treat, cure, or prevent any disease. Always consult a qualified physician or registered dietitian before using supplements, especially if you have medical conditions, are pregnant, or are taking medications."
Valerian Root,Sleep & Stress,Sleep & Stress,"Melatonin 0.5–5 mg, Magnesium 200–400 mg",30–60 minutes before sleep,Veg / Non-Veg / Vegan (varies by source),Widely available in India (online & stores),Magnesium + Glycine + Melatonin,"This information is for educational purposes only and does not constitute medical advice. Supplements are not intended to diagnose, treat, cure, or prevent any disease. Always consult a qualified physician or registered dietitian before using supplements, especially if you have medical conditions, are pregnant, or are taking medications."
Chamomile Extract,Sleep & Stress,Sleep & Stress,"Melatonin 0.5–5 mg, Magnesium 200–400 mg",30–60 minutes before sleep,Veg / Non-Veg / Vegan (varies by source),Widely available in India (online & stores),Magnesium + Glycine + Melatonin,"This information is for educational purposes only and does not constitute medical advice. Supplements are not intended to diagnose, treat, cure, or prevent any disease. Always consult a qualified physician or registered dietitian before using supplements, especially if you have medical conditions, are pregnant, or are taking medications."
L-Glycine,Sleep & Stress,Sleep & Stress,"Melatonin 0.5–5 mg, Magnesium 200–400 mg",30–60 minutes before sleep,Veg / Non-Veg / Vegan (varies by source),Widely available in India (online & stores),Magnesium + Glycine + Melatonin,"This information is for educational purposes only and does not constitute medical advice. Supplements are not intended to diagnose, treat, cure, or prevent any disease. Always consult a qualified physician or registered dietitian before using supplements, especially if you have medical conditions, are pregnant, or are taking medications."
5-HTP,Sleep & Stress,Sleep & Stress,"Melatonin 0.5–5 mg, Magnesium 200–400 mg",30–60 minutes before sleep,Veg / Non-Veg / Vegan (varies by source),Widely available in India (online & stores),Magnesium + Glycine + Melatonin,"This information is for educational purposes only and does not constitute medical advice. Supplements are not intended to diagnose, treat, cure, or prevent any disease. Always consult a qualified physician or registered dietitian before using supplements, especially if you have medical conditions, are pregnant, or are taking medications."
Passionflower,Sleep & Stress,Sleep & Stress,"Melatonin 0.5–5 mg, Magnesium 200–400 mg",30–60 minutes before sleep,Veg / Non-Veg / Vegan (varies by source),Widely available in India (online & stores),Magnesium + Glycine + Melatonin,"This information is for educational purposes only and does not constitute medical advice. Supplements are not intended to diagnose, treat, cure, or prevent any disease. Always consult a qualified physician or registered dietitian before using supplements, especially if you have medical conditions, are pregnant, or are taking medications."
Lavender Extract,Sleep & Stress,Sleep & Stress,"Melatonin 0.5–5 mg, Magnesium 200–400 mg",30–60 minutes before sleep,Veg / Non-Veg / Vegan (varies by source),Widely available in India (online & stores),Magnesium + Glycine + Melatonin,"This information is for educational purposes only and does not constitute medical advice. Supplements are not intended to diagnose, treat, cure, or prevent any disease. Always consult a qualified physician or registered dietitian before using supplements, especially if you have medical conditions, are pregnant, or are taking medications."
Reishi Mushroom,Sleep & Stress,Sleep & Stress,"Melatonin 0.5–5 mg, Magnesium 200–400 mg",30–60 minutes before sleep,Veg / Non-Veg / Vegan (varies by source),Widely available in India (online & stores),Magnesium + Glycine + Melatonin,"This information is for educational purposes only and does not constitute medical advice. Supplements are not intended to diagnose, treat, cure, or prevent any disease. Always consult a qualified physician or registered dietitian before using supplements, especially if you have medical conditions, are pregnant, or are taking medications."
CBD (Plant-derived),Sleep & Stress,Sleep & Stress,"Melatonin 0.5–5 mg, Magnesium 200–400 mg",30–60 minutes before sleep,Veg / Non-Veg / Vegan (varies by source),Widely available in India (online & stores),Magnesium + Glycine + Melatonin,"This information is for educational purposes only and does not constitute medical advice. Supplements are not intended to diagnose, treat, cure, or prevent any disease. Always consult a qualified physician or registered dietitian before using supplements, especially if you have medical conditions, are pregnant, or are taking medications."
